id,amazonBiomeArea_ha_43Sites,forestArea_1985_ha_43Sites,forestArea_2017_ha_43Sites,theta_43Sites,thetaSD_43Sites,thetaBootstrap_43Sites,thetaSDBootstrap_43Sites,gamma_43Sites,gammaSD_43Sites,gammaBootstrap_43Sites,gammaSDBootstrap_43Sites,z_2017_43Sites,zbar_2017_43Sites,x_2017_43Sites,b_43Sites,d_theta_winsorized_2017,d_theta_winsorized_2006,pasture_area_2006,pasture_area_2017,z_1985_43Sites,zbar_1985_43Sites,gamma2010_43Sites,gamma2017_43Sites,gamma2018_43Sites,gamma2019_43Sites,gamma2020_43Sites,gamma2021_43Sites,gamma2022_43Sites,a_43Sites,k_43Sites,zeta_43Sites,zeta_alt_43Sites,rho_43Sites,r_43Sites,theta2017_43Sites,theta2006_43Sites,thetaProfit2017_43Sites,thetaProfit2006_43Sites,p_2017_43Sites,p_2017_alt_43Sites
1,670898.19871837,665685.8810407269,668167.7905188578,0.009565399189165168,0.007165890232455008,0.008741881828890108,0.0037873259183017283,515.2497188037256,17.814649368352594,515.1953268203954,2.037222006176867,250.80078773591563,668418.5913065937,344273266.1785481,15500665.497312967,1,1,0.3553314958207127,0.18121261402108943,503.3885325364953,666189.2695732634,495.0260526315789,528.6195001759943,522.1036036036036,320.36549707602336,318.22180851063825,321.6402341671101,328.64508276533593,0.045007413978564004,2.0942152550133404,1.6615974249023087e-4,2.0579009766144875e-4,0.02,0.025,0.014632448765772549,0.004498349612557786,-1.6427876612278751,1.135166377489454,44.758760469833035,43.34917824284919
2,2797514.3793997997,2784987.474286034,2775948.3757520085,0.04701633601673187,0.00492627863348375,0.04888869457118881,0.018653201214236432,576.7764699275807,29.60266466358157,576.5157643395895,1.36469356077225,3534.568207268975,2779482.9439592776,1601101704.8674448,72153201.8771027,0,0,104407.58672576997,144342.104918824,5190.216419311545,2790177.6907053455,542.6175488793514,594.9485602151959,592.7633006881948,412.9460065199674,415.92475141091103,415.45028844420403,428.7302606622229,0.045007413978564004,2.0942152550133404,1.6615974249023087e-4,2.0579009766144875e-4,0.02,0.025,0.050499741044482634,0.04353293098898112,2.262563867486849,2.8673420123904165,44.758760469833035,43.34917824284919
3,11329567.311328072,7325917.978992552,6892421.215765775,0.09420723006557208,0.01910775180494293,0.10230946367923305,0.04240203275967562,555.409320452677,28.30755080838121,555.0243794217164,0.7826487638814865,564439.1039092198,7456860.319674995,3828114983.722083,186403143.33446068,0,0,495171.82372828026,789529.8379787034,102425.24351682284,7428343.222509375,522.7255598804084,572.1336649986423,571.3687364789803,354.01784439685935,356.95387301023726,357.8234526914868,357.58148646994,0.045007413978564004,2.0942152550133404,1.6615974249023087e-4,2.0579009766144875e-4,0.02,0.025,0.10771845094007672,0.08069600919106744,3.0175755391597576,4.781697787677794,44.758760469833035,43.34917824284919
4,780417.768778062,628823.2592679297,630053.0069057535,1.075414168386137,0.09505045002422365,1.1209872924636906,0.20840025453586913,621.7383723807922,33.82612710923396,621.458258375563,2.839551552534493,650.6406752988532,630703.6475810524,391728131.0272072,17648876.93170556,0,0,4131.602003621947,6106.9313719761,835.5009408454658,629658.7602087752,582.679746835443,641.1105129829006,641.4248573240329,450.02175749894377,447.1509294465568,453.30329949238575,460.2874040920716,0.045007413978564004,2.0942152550133404,1.6615974249023087e-4,2.0579009766144875e-4,0.02,0.025,1.0082033506191752,1.1426249861530984,2.3709688900340145,5.434191389354852,44.758760469833035,43.34917824284919
5,3486282.299816459,3330228.588996457,3337154.4285321534,1.3453499734809662,0.06818401422315588,1.3566943968175018,0.10464503172802789,696.2020645048771,42.05506253430643,696.2420369498564,1.2118547592162552,968.820082036218,3338123.2486141897,2323333802.715678,104597603.52426009,0,0,14998.740874994117,17462.96183628409,2850.1531012575597,3333078.7420977145,647.8625347636074,724.3837719298245,716.3598868211992,442.04726913796884,442.42339002762026,450.73346430910277,448.78488612836435,0.045007413978564004,2.0942152550133404,1.6615974249023087e-4,2.0579009766144875e-4,0.02,0.025,1.3935633523066797,1.2971365946552527,3.3458455632811335,6.534405792778427,44.758760469833035,43.34917824284919
6,3994888.0852825907,3238591.662704198,3220241.2807713803,1.4326044116490413,0.48164938379069566,1.5283008735143115,0.1550468363048043,686.8293705846908,27.603542369938545,686.604953327893,1.4066122174013673,27535.746897144163,3247777.0276685245,2211756292.0030456,100396627.45665178,0,0,62744.647573739916,120157.0064079737,22068.38500745674,3260660.047711655,655.2924297924297,706.6005370057597,698.5951449558829,399.49393656716416,400.8101036840944,401.3817204301075,412.440379403794,0.045007413978564004,2.0942152550133404,1.6615974249023087e-4,2.0579009766144875e-4,0.02,0.025,1.7731819570817642,1.0920268662163184,4.0510901725052655,11.041486655803494,44.758760469833035,43.34917824284919
7,13016293.023594525,12769575.41491028,12784292.790455919,0.009565399189165167,0.007165890232455007,0.008726890057061351,0.003249977453804283,501.3058100849136,12.498956453120703,501.3143773028511,0.38539026219103817,4716.298642953472,12789009.089098873,6408840253.682225,288551737.8049206,1,1,98.00020870927787,47.521445450639874,13360.83145716892,12782936.246367449,486.98745164769764,510.03418373524835,506.89579487179486,323.45732158062674,312.8301321536566,323.390862659258,316.4453120224925,0.045007413978564004,2.0942152550133404,1.6615974249023087e-4,2.0579009766144875e-4,0.02,0.025,0.014632448765772547,0.004498349612557786,-1.6132074290645066,-1.0266077218241918,44.758760469833035,43.34917824284919
8,14471944.19398176,13623772.785462111,13593163.432531912,0.44920814386494046,0.5838871786878251,0.49240402990669974,0.31206106211231,508.9023910640475,10.99340194736454,508.87019398642093,0.43520412572449213,22055.502922524414,13615218.935454436,6917593372.939865,311848156.3043013,0,0,466.95983499458316,199.82759318588054,32187.41334621085,13655960.198808322,496.2546683187022,516.1649847702291,514.2875201032111,336.44034332482994,330.5017466861728,335.9840409956076,341.392689120556,0.045007413978564004,2.0942152550133404,1.6615974249023087e-4,2.0579009766144875e-4,0.02,0.025,0.03633756036689792,0.862078727362983,-0.48463716225906117,-0.13900673958806484,44.758760469833035,43.34917824284919
9,16288854.932825636,14340199.790229026,13875866.439774798,0.57748982095735,0.3052271436587934,0.5574087657358049,0.13095795378272776,502.8777040703463,12.760749169930682,502.7982113352461,0.3743254702438646,300211.1750508643,14176077.614825662,6977863857.22072,320850354.3827398,0,0,121427.84148222159,170935.27213757287,78307.02465311167,14418506.814882139,488.1738662889815,511.0570196327459,509.4022262893115,344.7486376082555,339.595320917621,340.87180997251664,342.95119717740846,0.045007413978564004,2.0942152550133404,1.6615974249023087e-4,2.0579009766144875e-4,0.02,0.025,0.3616616378740167,0.7933180040406833,1.8616919336895905,3.6960960573494015,44.758760469833035,43.34917824284919
10,15870110.280742329,15370932.841748344,15334175.08337272,1.1299990339989092,0.2828286644482607,1.0782367111574114,0.1348782049050943,602.3615585808187,25.141951558210454,602.3043691371983,0.4194475372335953,99294.63938700294,15433469.722759722,9236717602.771547,418412723.7088241,0,0,100105.55127878331,146188.79553590983,66705.84461865498,15437638.686367,573.3658232678395,618.1057120793747,615.6131403952421,427.1129825712144,431.53326773498264,425.3057217256668,438.61886881013845,0.045007413978564004,2.0942152550133404,1.6615974249023087e-4,2.0579009766144875e-4,0.02,0.025,0.9300089674536095,1.329989100544209,2.197934975829274,5.1611760449567665,44.758760469833035,43.34917824284919
11,16290099.5625,14924808.088608168,14703930.727431148,1.6856867522807981,0.1458923668623869,1.6652484525231799,0.08439631943085564,633.9127042004684,31.576070687127107,633.8773327773428,0.668403452134075,641899.4880127095,15345830.215443857,9321008489.80224,437828375.4194064,0,0,283884.0784748198,418942.3893758342,357087.1300081487,15281895.218616316,597.4864864864865,653.502852391916,650.7487737230026,421.84724730406066,417.0110016250935,417.22641907121596,425.1946171124112,0.045007413978564004,2.0942152550133404,1.6615974249023087e-4,2.0579009766144875e-4,0.02,0.025,1.5825252703490487,1.7888482342125474,3.056846925218344,5.976860213571232,44.758760469833035,43.34917824284919
12,13447583.110734154,8773563.663995523,9033327.939802038,1.4265051255160313,0.1787625807949918,1.4332192705345834,0.06649597918306797,563.426659584984,4.6546916811325945,563.4723755532469,0.6758102033174993,250060.1707892678,9283388.110591305,5089617786.058368,235411654.75197005,0,0,907705.375616947,869679.5009750497,252396.1906847338,9025959.854680257,558.756351723696,568.0655763087555,563.4580507225007,352.54153146274734,348.66296260969096,346.31206250498286,350.4810107172832,0.045007413978564004,2.0942152550133404,1.6615974249023087e-4,2.0579009766144875e-4,0.02,0.025,1.552909358618578,1.3001008924134845,3.6594923317459673,8.538885268032677,44.758760469833035,43.34917824284919
13,4887718.563341971,3256270.227654077,2248094.957638702,1.8543492090351692,0.2625537759522868,1.8713540594802103,0.04362128384185686,339.0809567348226,4.340268143597507,338.81327169976953,1.4643810054675273,1721312.1577844007,3969407.115423103,762286189.0668615,60577745.153680325,0,0,600827.3915526178,684581.6430836336,761597.6151464569,4017867.842800534,337.3504472967717,335.8728921228921,344.0195307848041,236.76788735798885,221.8723967738052,231.96861669713587,231.23632023503487,0.045007413978564004,2.0942152550133404,1.6615974249023087e-4,2.0579009766144875e-4,0.02,0.025,2.0400027644371646,1.6686956536331736,3.2086308703212514,8.140831694606614,44.758760469833035,43.34917824284919
14,155559.48424670516,80796.98036558085,72018.30017081312,1.592301767924328,0.5187898452067584,1.5001438067279147,0.20283039976328548,226.8974106427253,24.816421197092986,225.43796695402298,6.841143401949462,10958.065311004766,82976.36548181789,16340765.827648038,847360.0951390322,0,0,1120.1722520455437,370.6441035803597,3870.696752080199,84667.67711766105,198.63148148148147,236.95205479452054,245.1086956521739,143.72222222222223,115.17164179104476,133.83333333333331,144.36772486772486,0.045007413978564004,2.0942152550133404,1.6615974249023087e-4,2.0579009766144875e-4,0.02,0.025,1.9591415854807464,1.22546195036791,3.2042875389672605,8.105666229856533,44.758760469833035,43.34917824284919
15,3431766.5408694195,3403924.4099145113,3406228.7586262813,0.12239263194651884,0.06881848997019954,0.17512605447527269,0.2516057038895676,703.7436601077105,27.31958691783783,703.7336564660778,0.8457837050030783,2009.1043394730968,3408237.8629657542,2397111893.7598023,107951443.087833,0,0,204.99341999200013,38.53469509325156,3192.517027890185,3407116.9269424016,672.2142612917564,718.6237199904106,720.3929990409645,452.29616989002653,451.86082669700414,450.8570345089116,455.8430571359608,0.045007413978564004,2.0942152550133404,1.6615974249023087e-4,2.0579009766144875e-4,0.02,0.025,0.17105465287546534,0.07373061101757233,-1.949505065397858,-2.5346892666510246,44.758760469833035,43.34917824284919
16,14559181.882003438,14186518.33660517,14162083.274407689,0.6395180932426956,0.66183762963271,0.6555240245923716,0.1520026289612592,605.3355152920174,16.766178632208643,605.3074224883736,0.40549494345149206,54520.0607255271,14216603.335133215,8572811976.522038,387325474.0781142,0,0,6983.81621726469,6548.83358768532,48500.07691539314,14235018.413520563,586.3211117907937,617.9961422512902,611.6892918339684,408.5520441177726,412.69298492565196,408.6182351134094,417.83326503606946,0.045007413978564004,2.0942152550133404,1.6615974249023087e-4,2.0579009766144875e-4,0.02,0.025,0.1715282172849757,1.1075079692004155,-0.9857091444511482,-1.5913353794381373,44.758760469833035,43.34917824284919
17,16254848.8125,15543134.082775952,15533241.822862845,0.701480877140241,0.5304753897060072,0.8556074255110456,0.08778713844651805,552.5933381722853,8.18009684975438,552.6384445995734,0.3177256367044326,49367.59583538092,15582609.418698225,8583565951.533133,387551917.65391994,0,0,15540.940131020265,5646.1326491741975,64238.004646196976,15607372.08742215,543.2507103317462,558.4690038876086,556.0603002975012,387.45952691984695,389.09784299088676,389.6899005927101,390.7837821021357,0.045007413978564004,2.0942152550133404,1.6615974249023087e-4,2.0579009766144875e-4,0.02,0.025,0.3263781318265469,1.0765836224539351,0.060257993800478006,0.19482316936989644,44.758760469833035,43.34917824284919
18,16254848.8125,14949819.69304745,14655594.049403086,1.4472507926230056,0.6977685242373067,1.4127146394718222,0.13592567984002177,511.0894158669164,6.53416700794082,511.07564853172846,0.3782359047491723,352615.37500308617,15008209.424406173,7490319001.892079,345231033.6535674,0,0,113707.47692951105,134947.39202838633,179204.50427099539,15129024.197318446,503.5619367693503,515.298275977392,514.4080348540069,375.6829862518578,373.14943474920426,369.19122180276503,372.0314992227629,0.045007413978564004,2.0942152550133404,1.6615974249023087e-4,2.0579009766144875e-4,0.02,0.025,0.9538539374362761,1.940647647809735,1.3821721007738974,2.830797279849896,44.758760469833035,43.34917824284919
19,16254848.8125,14476017.124260472,14093275.491094649,1.5205191782534495,0.5146716031765617,1.475290175896039,0.08291672209309091,597.2249163596344,14.592081530993124,597.0910081084918,0.5267671487635183,687987.2643486774,14781262.755443327,8416855276.4022875,397313677.23978513,0,0,290763.8050489924,366421.7609876678,326489.59313716873,14802506.717397641,580.3756718440155,605.7274029020292,605.5716743328587,413.9090102451518,413.8999624830716,406.4261517615176,413.07777319965203,0.045007413978564004,2.0942152550133404,1.6615974249023087e-4,2.0579009766144875e-4,0.02,0.025,1.156591397563151,1.8844469589437483,2.044903879873421,3.632428189209043,44.758760469833035,43.34917824284919
20,16254848.8125,14774351.681198176,13552562.400281549,2.0993962804025452,0.40969525253970407,2.016940454866204,0.08259271805390073,652.2340368958919,21.176006800860996,652.0579539990258,0.5364019897985882,1556095.6496074467,15108658.049888995,8839442484.619112,443520206.6078745,0,0,809916.256394901,1331964.3532459564,400845.4225084587,15175197.103706636,627.813072325492,663.3788592360021,665.5101791261815,408.25660739340833,406.96300907243636,399.7002682398312,406.84083872513776,0.045007413978564004,2.0942152550133404,1.6615974249023087e-4,2.0579009766144875e-4,0.02,0.025,1.8096979891117855,2.389094571693305,2.2820958647069833,4.376877261612503,44.758760469833035,43.34917824284919
21,16254848.8125,14531625.967368538,10829950.437079428,1.8738039335148233,0.34667726480966815,1.8197840146940727,0.07662067837068692,614.3684235686134,18.51814534125791,613.7694780194962,0.7055583010727694,4628754.300016958,15458704.737096386,6653579577.354703,427450715.7640333,0,0,2010417.619053492,3204578.0755679575,1007537.698236773,15539163.66560531,593.1207653335201,622.912716313923,627.071789058397,375.54192597231463,372.806664055871,361.78232865616263,366.45564119705847,0.045007413978564004,2.0942152550133404,1.6615974249023087e-4,2.0579009766144875e-4,0.02,0.025,1.6286660886847024,2.118941778344944,2.4054127664274305,4.040473264447085,44.758760469833035,43.34917824284919
22,14282524.068440769,10739803.113000793,6848105.765894099,1.87294073448695,0.10143662236466833,1.870263400118309,0.0276135572439819,470.4220603341622,8.265509856603172,470.56315138704684,0.9683025685113109,7056730.818600473,13904836.584494572,3221500023.778158,294399880.24659276,0,0,3756436.9524981254,3648621.8846595893,3250454.263546912,13990257.376547705,477.4608353094163,461.3205237688585,472.4848219242119,336.6379936382187,330.253934769599,342.91489652657486,331.50213442325156,0.045007413978564004,2.0942152550133404,1.6615974249023087e-4,2.0579009766144875e-4,0.02,0.025,1.944667258021666,1.801214210952234,2.8065825237479127,4.734529725289809,44.758760469833035,43.34917824284919
23,1654227.5071152668,766557.0804348977,602483.8575017293,1.0332452459663541,0.5731984668570742,1.0312405531215516,0.10324972069729223,214.64136818336925,8.4949071248308,214.86078916072034,2.1439720536511735,300993.4347421814,903477.2922439107,129317959.48256525,8727999.841271989,0,0,269453.2731717775,289268.2086390904,163065.94876022346,929623.0291951211,224.45014245014244,209.67059131344845,209.80337078651684,111.98336061102017,107.95027322404371,99.89246424642464,113.88606557377048,0.045007413978564004,2.0942152550133404,1.6615974249023087e-4,2.0579009766144875e-4,0.02,0.025,1.438557768846724,0.6279327230859845,3.7142754207348188,6.010940101171311,44.758760469833035,43.34917824284919
24,13672516.967487343,13544109.518467773,13242351.543469226,1.4006444058593734,0.16370536858676912,1.3947508412395226,0.05268459884026223,759.6748722720297,30.069113098122376,759.5914428507964,0.676960365616752,376492.1242193523,13618843.667688578,10059881717.366299,465641903.7998105,0,0,161540.5908899943,207120.63601612655,88004.2688137191,13632113.787281493,724.9611457461833,777.6395640668903,776.4239070030154,456.19135243841123,456.3455753951927,456.1864901933891,461.1775747933582,0.045007413978564004,2.0942152550133404,1.6615974249023087e-4,2.0579009766144875e-4,0.02,0.025,1.2848872296150258,1.5164015821037211,-0.3347100323320797,0.5124792300339992,44.758760469833035,43.34917824284919
25,16155792.75,15975271.958943682,15548820.620676732,1.7871175832168937,0.18193599745275704,1.738911318618165,0.10642272927572308,700.7474961271844,21.374883672080305,700.7249626971254,0.452807293640143,501972.5719503983,16050793.19262713,10895797117.669952,506223280.4443741,0,0,120911.13730015785,245038.132376376,91660.6618851241,16066932.620828805,676.1284555967115,714.5778005698005,711.536232215041,440.57341496910044,441.1305912341354,437.170916185589,441.7280065030225,0.045007413978564004,2.0942152550133404,1.6615974249023087e-4,2.0579009766144875e-4,0.02,0.025,1.658469405676111,1.9157657607576768,0.8000468016543387,0.6193450251114996,44.758760469833035,43.34917824284919
26,16155792.75,15594578.880599692,15057986.355538605,1.6194871533755495,0.4554636947432476,1.6163709946115261,0.2432825084106282,606.5757130268373,13.005734748582352,606.4744702009347,0.4272134441284068,597713.3877686,15655699.743307205,9133808810.359217,427406931.4259931,0,0,301472.9457320715,398204.81976856734,117311.70372660976,15711890.584326303,591.5637771018562,613.720473031667,614.4428889469889,407.89135964912276,407.7340529931305,408.46866939766346,410.59816367265466,0.045007413978564004,2.0942152550133404,1.6615974249023087e-4,2.0579009766144875e-4,0.02,0.025,1.2974256862383196,1.9415486205127797,0.49130059321692665,0.3862383301203143,44.758760469833035,43.34917824284919
27,16155792.75,15365964.596406603,14773421.545197815,2.192720992686839,0.6502888418375187,2.0484034157062023,0.18843862619607862,587.4628151298664,11.022079527605737,587.3637375633866,0.46676754964736666,705355.6161430755,15478777.16134089,8678835810.04213,409261687.1030204,0,0,318966.32611326035,604222.4362014671,85288.11157276652,15451252.70797937,574.7416802925819,593.4831128737133,594.1636522233041,412.58861231243037,406.94883993476424,405.0735426818264,404.63394592466847,0.045007413978564004,2.0942152550133404,1.6615974249023087e-4,2.0579009766144875e-4,0.02,0.025,1.7328973428935832,2.6525446424800947,1.4570204769348156,1.3690148297649425,44.758760469833035,43.34917824284919
28,16155792.75,15713634.333173221,15380961.818582956,1.9521558136340433,0.5319516396107286,1.8769982521786692,0.13831075234689919,612.7543806787401,19.239217691049635,612.6470707423916,0.5210185659883874,371144.01942469337,15752105.83800765,9424751733.389147,434419294.56719047,0,0,433392.3826902302,598038.3628660415,25734.95811949528,15739369.291292716,590.5410261102977,623.5915093104059,624.1306066155165,424.16972423735115,421.3176593764542,418.61223468627816,422.96757266190394,0.045007413978564004,2.0942152550133404,1.6615974249023087e-4,2.0579009766144875e-4,0.02,0.025,1.5760092020019947,2.328302425266092,1.650950478552896,0.6718577205877587,44.758760469833035,43.34917824284919
29,16155792.75,15819941.843695518,14287227.625611048,1.3858264294038405,0.46449003850115345,1.3324863566956096,0.24400377757860725,580.4204589463354,25.668961561672177,580.1383748087096,0.45805113603326064,1554126.330330825,15841353.955941873,8292599215.527926,413827235.9126149,0,0,752526.6992209984,1331310.1549587375,67257.11292164662,15887198.956617163,550.8108939691904,594.062987567298,596.3874953025178,365.83598803223686,361.79702087122195,358.55614855213605,365.27438479620423,0.045007413978564004,2.0942152550133404,1.6615974249023087e-4,2.0579009766144875e-4,0.02,0.025,1.0573823733860743,1.7142704854216066,1.873993860757435,0.40495595871810725,44.758760469833035,43.34917824284919
30,14210182.702967398,11101110.000594398,6204201.151859279,2.144023965018213,0.33099318462182964,2.132197896972259,0.06085172862526651,455.8873738764545,15.42682769201769,455.3240926001852,0.8978383710959122,7503364.662832906,13707565.814692184,2828416970.1224008,281256108.90671456,0,0,5501230.013715913,6383380.234056986,2616789.3204882387,13717899.321082637,438.18739786914176,462.99950410554476,466.4752196546769,284.82052197083243,284.5261309523809,285.16309472781825,291.47707186926795,0.045007413978564004,2.0942152550133404,1.6615974249023087e-4,2.0579009766144875e-4,0.02,0.025,1.9099764396455865,2.3780714903908398,2.558862494341741,0.8454536212870682,44.758760469833035,43.34917824284919
31,838326.0640542217,427450.64753086993,245967.01894001127,2.2130577563292197,0.12922299011228622,2.2141871828752273,0.022700354323645797,294.49354458844977,10.308806168805445,294.9705438349742,4.3819257517243635,559098.2865366042,805065.3054766154,72435699.25949828,10670651.849066151,0,0,979186.8360491118,953838.3422136372,368840.49912189145,796291.1466527614,306.39130434782606,288.22222222222223,288.867107195301,226.00971599402092,215.14947683109116,222.76233183856502,224.20926756352765,0.045007413978564004,2.0942152550133404,1.6615974249023087e-4,2.0579009766144875e-4,0.02,0.025,2.1216833037356198,2.3044322089228193,2.6535981440397305,1.6447186385914463,44.758760469833035,43.34917824284919
32,1906909.1792258713,1899807.3054779158,1896282.1181582552,1.8708489196175293,0.0022236663761177377,1.9033016767778381,0.1311225127493736,846.9415940131449,32.87086932101548,846.9719377836686,1.393513719204958,7471.360220528475,1903753.4783787837,1606040199.8515756,72568514.31320953,0,0,22228.518441666165,40572.21485829807,5122.968130125326,1904930.2736080412,809.0256502673154,867.4095186391603,864.3896131329591,439.87682602921643,456.4296021252188,442.000120816721,440.4158212560386,0.045007413978564004,2.0942152550133404,1.6615974249023087e-4,2.0579009766144875e-4,0.02,0.025,1.86927655004388,1.8724212891911787,0.9991047539650441,2.0421438418750606,44.758760469833035,43.34917824284919
33,6546829.594668492,6127752.689478411,5000611.782808543,2.438855507110096,0.2564099887840085,2.409452216258044,0.055554484488522224,728.6672162937052,36.79072719813989,727.9455277928195,0.8522243274885715,1520541.845735727,6521153.62854427,3643781867.544604,213864018.1481016,0,0,880246.7445728254,1220861.2390223106,408335.5998545068,6536088.289332918,686.2569782842291,752.0139215686274,747.7307490282592,403.1028563108852,408.01215733015493,384.2811488028879,400.9862645368089,0.045007413978564004,2.0942152550133404,1.6615974249023087e-4,2.0579009766144875e-4,0.02,0.025,2.257546265276957,2.620164748943235,0.9153322321697738,2.9905348489265933,44.758760469833035,43.34917824284919
34,9175532.778914459,8631724.063234642,6228579.789034011,2.6491658178809563,0.4727669893831554,2.6042590527587755,0.10355834782185892,613.3055363356259,19.08251496827915,612.5000113563914,0.7895575871949231,2627528.4312725803,8856108.22030659,3820022468.1227436,244457778.1116338,0,0,1077875.7648200288,1586698.862956844,234334.53032670374,8866058.593561346,591.3516816164317,622.6504175129767,625.9145098774693,396.8603391126976,381.52422752808985,375.50567176272415,385.24497617567846,0.045007413978564004,2.0942152550133404,1.6615974249023087e-4,2.0579009766144875e-4,0.02,0.025,2.3148690737669786,2.983462561994934,1.407120593555202,2.5500519978072296,44.758760469833035,43.34917824284919
35,15139151.869026892,13268619.578938788,9731061.44801426,3.0195326579547865,0.09298979689628815,3.009423079129782,0.044861172506372615,589.6160070971564,13.304531502135985,589.3692741998337,0.5721457596304557,4986665.422304678,14717726.870318938,5737589595.79524,390565667.86476064,0,0,3618326.0857401895,4406639.288489812,1557408.5725874675,14826028.151526256,574.2685495118549,596.696256537297,597.8832152423174,400.72938350680545,393.06590265534004,389.5428808101861,404.9187164490025,0.045007413978564004,2.0942152550133404,1.6615974249023087e-4,2.0579009766144875e-4,0.02,0.025,2.9537789419882614,3.0852863739213117,3.4800685538085157,3.0959739540404283,44.758760469833035,43.34917824284919
36,14247477.159362223,13421622.119381366,8655171.380783731,2.5914691445005067,0.3594636036649762,2.57375061144065,0.0833799833796878,479.05456772940113,7.129796676843409,478.85559279090006,0.6316383221640621,5394735.127975366,14049906.508759096,4146299384.4452343,302930136.0707518,0,0,2755227.1550124283,3369623.76571115,649600.4238103054,14071222.543191671,471.2773042126095,480.6044755203493,485.28192345524457,347.81164300997494,346.10117890039646,336.213198506628,348.42797418885755,0.045007413978564004,2.0942152550133404,1.6615974249023087e-4,2.0579009766144875e-4,0.02,0.025,2.3372899927592483,2.8456482962417646,3.206347320817774,1.1291056297054898,44.758760469833035,43.34917824284919
37,15826896.322689934,14345229.547074147,10882519.252070889,2.3256002164052516,0.2976419672031422,2.3218174807863012,0.06704926052984204,392.0367758865013,3.331531094581395,392.00097028937483,0.35097243503000636,4499513.552096191,15382032.80416708,4266347761.1046505,271409223.30277115,0,0,2879205.213327523,2826481.849653992,1029383.303919465,15374612.85099361,388.2193037939567,393.53407597038677,394.35694789516043,296.38108487313025,291.9287570944818,281.7917219057174,304.7624085307144,0.045007413978564004,2.0942152550133404,1.6615974249023087e-4,2.0579009766144875e-4,0.02,0.025,2.115135563030206,2.5360648697802977,2.9973093212823185,-0.10263364493397484,44.758760469833035,43.34917824284919
38,4696980.218164581,4005402.3793599536,2089682.698936673,1.9715062271853694,0.27464126994177357,1.9754969275840575,0.058518218145754385,309.1462506582309,0.5399503161815663,308.99607331821613,0.8753107461830929,2483766.692381097,4573449.39131777,646017571.4416451,63634395.29836227,0,0,2332217.8261065353,2310941.2491493835,487997.2504177413,4493399.629777695,308.5598589270692,309.25599381283837,309.62289923478505,205.5840250473278,202.31532910561992,202.4529549273139,226.2152899824253,0.045007413978564004,2.0942152550133404,1.6615974249023087e-4,2.0579009766144875e-4,0.02,0.025,1.7773055228158563,2.1657069315548827,2.2030078815746665,-1.4175655503902636,44.758760469833035,43.34917824284919
39,4550722.393257025,3014227.2612868757,1884560.6458111312,2.851727446965487,0.20800288926957347,2.877780608233444,0.11177612455330783,382.31932842961515,5.0163433715225985,382.27499693492223,1.1873789399843295,1636997.8774710726,3521558.523282204,720503960.4913936,60596176.91746905,0,0,1675307.3000510286,1561934.6227523286,332023.01671864104,3346250.2780055166,388.0633652822151,380.0940180502722,378.80060195635815,289.39977037887485,265.83964936456897,263.6420393422468,286.67579383341,0.045007413978564004,2.0942152550133404,1.6615974249023087e-4,2.0579009766144875e-4,0.02,0.025,2.9988077004743974,2.7046471934565774,3.366850904785615,1.9022924634240694,44.758760469833035,43.34917824284919
40,5255896.569625069,3325453.6889232607,2009684.5257879368,2.8253752706246136,0.4725809885187331,2.8520961111405625,0.13439601702569426,326.41315592761896,4.367244222970973,326.61209562618853,0.9558352746910999,2771996.557329408,4781681.083117344,655987468.4813408,70247734.348617,0,0,3031132.4526981893,3339076.790257463,1153640.6004655727,4479094.289388834,331.39567915970395,324.595443704252,323.248344918901,236.31913303437966,209.61309672581854,205.38564872757613,253.97704315886133,0.045007413978564004,2.0942152550133404,1.6615974249023087e-4,2.0579009766144875e-4,0.02,0.025,3.1595404922660517,2.4912100489831754,5.183043000085511,1.8015236966120836,44.758760469833035,43.34917824284919
41,1970460.4404571787,1797214.6830017362,1085443.4468334527,2.5379238434666695,0.863130046970964,2.418617338802293,0.22203360704969233,313.0071838473802,10.37647538478883,313.15725837579123,1.2165784002573228,830023.379807841,1915466.8266412937,339751596.5189326,26984414.55921033,0,0,1612013.0331950497,1071362.3267231234,80836.48946253865,1878051.1724642748,324.8591761553918,308.6039976484421,305.55837773830666,263.9756906077348,252.84920340866987,218.086569579288,260.107063197026,0.045007413978564004,2.0942152550133404,1.6615974249023087e-4,2.0579009766144875e-4,0.02,0.025,3.1482489527257016,1.9275987342076377,6.146884875834048,-0.5190941458777604,44.758760469833035,43.34917824284919
42,27009.07828041655,20053.263223337708,13032.913389261696,2.1926601323482924,0.09150961160589353,2.2066052041932305,0.13883266947903247,299.93727598566306,14.581565309141649,299.6900716845878,6.624771399594627,11168.618363770656,24201.531753032352,3909056.5401322288,326706.18552757014,0,0,285927.43849109445,245563.6770023383,1945.810164105118,21999.073387442826,283.1021505376344,308.1182795698925,308.59139784946234,177.26436781609195,171.76436781609195,132.75862068965517,220.31609195402297,0.045007413978564004,2.0942152550133404,1.6615974249023087e-4,2.0579009766144875e-4,0.02,0.025,2.257367199258567,2.127953065438018,3.352227863693285,-2.2784352438908386,44.758760469833035,43.34917824284919
43,10597.180766148027,9116.628175282502,7262.382857167395,1.8998297899676015,0.05343828377889813,1.9006341939191251,0.02609280928013842,247.23911630929172,3.3264920280965455,248.03166666666664,5.523006417501844,2781.068338101555,10043.45119526895,1795545.119905816,111759.43982185506,0,0,371786.29434045474,560408.4196892767,932.3901937892733,10049.018369071775,250.5877192982456,247.19444444444443,243.93518518518516,141.98148148148147,68.15686274509804,85.04629629629629,143.91666666666666,0.045007413978564004,2.0942152550133404,1.6615974249023087e-4,2.0579009766144875e-4,0.02,0.025,1.9376163628026315,1.8620432171325716,2.6159387523946918,-0.7504262779671488,44.758760469833035,43.34917824284919
