id,amazonBiomeArea_ha_100Sites,forestArea_1985_ha_100Sites,otherArea_1985_ha_100Sites,forestArea_2017_ha_100Sites,otherArea_2017_ha_100Sites,workerPerHa_100Sites,z_2017_100Sites,zbar_2017_100Sites,x_2017_100Sites,b_100Sites,theta_100Sites,gamma_100Sites,gammaSD_100Sites,d_theta_winsorized,pastureArea_value,z_1985_100Sites,zbar_1985_100Sites,a_100Sites,k_100Sites,zeta_100Sites,zeta_alt_100Sites,rho_100Sites,r_100Sites,C_2017_100Sites,C0bern_2017_100Sites,C1bern_2017_100Sites,C2bern_2017_100Sites,C3bern_2017_100Sites,u_100Sites,u_bern_100Sites,theta_scenario2_100Sites,theta_scenario3_100Sites,theta_scenario4_100Sites,theta_scenario5_100Sites,theta2006_100Sites,theta2006_scenario2_100Sites,theta2006_scenario3_100Sites,theta2006_scenario4_100Sites,theta2006_scenario5_100Sites,d_imputation_theta_scenario2_100Sites,d_imputation_theta_scenario3_100Sites,d_imputation_theta_scenario4_100Sites,d_imputation_theta_scenario5_100Sites,theta_soybean_100Sites,p_2017_100Sites,p_2017_alt_100Sites,pSoybean_2017_100Sites,pSoybean_2017_alt_100Sites
1,177988.20641312608,177820.01189194387,310.4374496291083,177164.9810602921,779.9604979466212,0.02702538385580422,480.29264781657685,177645.2737081087,100728771.2201735,4545831.895532509,0.015003287100319871,568.5591510090466,204.5175928597804,1,15598.556360019364,294.3433766671815,178114.35526861105,0.045007413978564004,2.0942152550133404,1.6615974249023087e-4,2.0579009766144875e-4,0.02,0.025,22038084958.742767,8136029910.794038,8535808784.4820385,4373414327.842392,77551439.80765882,1.8150397402897538e-9,1.8936879366660968e-9,3.342266396465746,6.272901590153915,9.024566695677922,9.905994379886426,0.004695387754833602,11.116944299557177,20.864733477883746,30.017237820892667,32.949015634832115,0,0,0,0,2197.472222222222,44.53497930237984,43.68293056940959,0.45404552912833057,0.4256431750576957
2,3225844.4510228573,3210457.192839505,13895.245190319683,3199485.230900208,21360.696243570128,0.02825046971334706,5713.628934761566,3205198.8598349695,1945863675.3347533,87734688.97272307,0.0312727999578904,608.1802336644213,229.24582048805178,0,238995.79930634468,2208.606161699745,3212665.799001205,0.045007413978564004,2.0942152550133404,1.6615974249023087e-4,2.0579009766144875e-4,0.02,0.025,22038084958.742767,8136029910.794038,8535808784.4820385,4373414327.842392,77551439.80765882,1.8150397402897538e-9,1.8936879366660968e-9,3.367671624833097,6.320583156647927,9.093164213237422,9.98129180372219,0.0185836249387246,11.15165030270659,20.92987111699416,30.110948675447375,33.05187921043157,0,0,0,0,2779.9188544152744,44.53497930237984,43.68293056940959,0.45404552912833057,0.4256431750576957
3,4732369.236540991,1281619.429481738,3398631.237134617,1220341.4118411932,3365972.256081546,0.04059565187941482,147689.3937465045,1368030.8055876978,665534671.4048703,33579117.11580037,0.17192697227835926,545.3676036452316,218.0886997380481,0,351230.50148303923,53769.47845972376,1335388.9079414618,0.045007413978564004,2.0942152550133404,1.6615974249023087e-4,2.0579009766144875e-4,0.02,0.025,22038084958.742767,8136029910.794038,8535808784.4820385,4373414327.842392,77551439.80765882,1.8150397402897538e-9,1.8936879366660968e-9,3.4191100285888667,6.417124846160093,9.232054789375827,10.13374779557664,0.032522837811939556,10.675543021710116,20.03629359630198,28.825395280842432,31.640766064345645,0,0,0,0,4133.217607973422,44.53497930237984,43.68293056940959,0.45404552912833057,0.4256431750576957
4,104670.27725209482,103470.4428100842,1279.0130774485879,103434.11275920924,1369.2617091866778,0.035773660997190815,36.420808924978246,103470.53356813421,78981788.01528978,3556017.720065605,1.7749079065506441,763.5951612903225,406.4493068790669,0,157.75379731829642,93.28368325603651,103563.72649334025,0.045007413978564004,2.0942152550133404,1.6615974249023087e-4,2.0579009766144875e-4,0.02,0.025,22038084958.742767,8136029910.794038,8535808784.4820385,4373414327.842392,77551439.80765882,1.8150397402897538e-9,1.8936879366660968e-9,2.8557122137502904,5.3597168991672115,7.710805267917451,8.463918127500861,0.8413776780059495,13.655006321204239,25.62827156938198,36.870345046678644,40.47146451826798,0,0,0,0,2769.3888888888887,44.53497930237984,43.68293056940959,0.45404552912833057,0.4256431750576957
5,1593388.0984099212,1218089.130170425,365559.6239490595,1206600.6460217598,377872.0176747387,0.0363819209379108,9344.426290023148,1215945.072311783,793406958.1285305,35985742.546924464,1.7907703064012284,657.5555555555555,366.03876088374386,0,12620.86287249219,10162.538270447494,1228251.6684408723,0.045007413978564004,2.0942152550133404,1.6615974249023087e-4,2.0579009766144875e-4,0.02,0.025,22038084958.742767,8136029910.794038,8535808784.4820385,4373414327.842392,77551439.80765882,1.8150397402897538e-9,1.8936879366660968e-9,2.930383345876174,5.499862718766259,7.912427320792828,8.685232567295648,1.0860221782230033,13.312174120386814,24.984830142948212,35.94465220993333,39.455359441146456,0,0,0,0,2803.8106796116504,44.53497930237984,43.68293056940959,0.45404552912833057,0.4256431750576957
6,835019.24706884,826667.9012445695,8510.985610779207,827265.5800701508,8132.98579215894,0.04192290940698656,577.0929400978703,827842.6730102487,438105830.3472647,19731765.577523306,0.015003287100319871,529.5830515638207,181.73113528043268,1,0.02166460221668466,749.3967995276583,827417.2980440971,0.045007413978564004,2.0942152550133404,1.6615974249023087e-4,2.0579009766144875e-4,0.02,0.025,22038084958.742767,8136029910.794038,8535808784.4820385,4373414327.842392,77551439.80765882,1.8150397402897538e-9,1.8936879366660968e-9,2.8758349542044166,5.397484077368932,7.765139360950879,8.523559020895016,0.004695387754833602,NA,NA,NA,NA,0,0,0,0,1938.1774193548388,44.53497930237984,43.68293056940959,0.45404552912833057,0.4256431750576957
7,3983245.556923447,3923980.050180031,56001.90275652545,3932589.4268640247,50431.98849593934,0.041922909406986564,1350.8120472429541,3933940.238911268,1864743758.192945,83956122.62261158,0.015003287100319871,474.1770766748851,169.06867687613195,1,0.10304823096257669,4386.259255813313,3928366.3094358444,0.045007413978564004,2.0942152550133404,1.6615974249023087e-4,2.0579009766144875e-4,0.02,0.025,22038084958.742767,8136029910.794038,8535808784.4820385,4373414327.842392,77551439.80765882,1.8150397402897538e-9,1.8936879366660968e-9,2.8758349542044166,5.397484077368931,7.765139360950879,8.523559020895016,0.004695387754833602,NA,NA,NA,NA,0,0,0,0,1989.0513833992095,44.53497930237984,43.68293056940959,0.45404552912833057,0.4256431750576957
8,1822582.1094058678,1807458.3224400845,11339.929849144593,1808613.9153275928,11097.440175622323,0.03675316840552093,3758.080485774173,1812371.995813367,979232223.29984,44164287.80444763,0.01889446174926419,541.4268987986153,202.75498622241352,0,17.221726195399885,4685.11703859537,1812143.4394786798,0.045007413978564004,2.0942152550133404,1.6615974249023087e-4,2.0579009766144875e-4,0.02,0.025,22038084958.742767,8136029910.794038,8535808784.4820385,4373414327.842392,77551439.80765882,1.8150397402897538e-9,1.8936879366660968e-9,3.391495225100164,6.365296259157202,9.157491123195488,10.051901510537833,0.004695387754833602,NA,NA,NA,NA,0,0,0,0,2408.7418032786886,44.53497930237984,43.68293056940959,0.45404552912833057,0.4256431750576957
9,6526321.212691154,6090749.09771924,417014.87274186325,6076785.951046711,441399.8327137076,0.034609119480615534,8963.86542448523,6085749.816471196,3408065943.2219915,153614497.71928298,0.08258598608190329,560.8336332193766,217.2442411283108,0,103995.02574841813,19384.69802603563,6110133.795745276,0.045007413978564004,2.0942152550133404,1.6615974249023087e-4,2.0579009766144875e-4,0.02,0.025,22038084958.742767,8136029910.794038,8535808784.4820385,4373414327.842392,77551439.80765882,1.8150397402897538e-9,1.8936879366660968e-9,3.4395449324076948,6.455477905268525,9.287231765282892,10.194313896051721,0.2798729240962936,11.33327902785803,21.270759299942377,30.601370547777304,33.590200492205724,0,0,0,0,3559.7075351213284,44.53497930237984,43.68293056940959,0.45404552912833057,0.4256431750576957
10,6682585.851461271,5544080.3796083,1055840.480355129,4985016.90824675,1072712.2876457947,0.04041939881469486,625307.1947267982,5610324.102973549,2473361251.0939603,125283225.99993041,0.18062589222028858,496.1590495314591,206.17278711243566,0,325381.8798887007,83112.48900497104,5627192.868613271,0.045007413978564004,2.0942152550133404,1.6615974249023087e-4,2.0579009766144875e-4,0.02,0.025,22038084958.742767,8136029910.794038,8535808784.4820385,4373414327.842392,77551439.80765882,1.8150397402897538e-9,1.8936879366660968e-9,3.4444701208818107,6.464721699432795,9.300530433492115,10.208911442613559,0.4205371593142219,11.546778624762586,21.671464032017592,31.177848040356263,34.22298243001922,0,0,0,0,3849.7084917617235,44.53497930237984,43.68293056940959,0.45404552912833057,0.4256431750576957
11,3428925.898538754,3419034.3116335925,5950.736258222952,3411981.297462777,10957.102711934323,0.03290987016214086,7103.935333340407,3419085.232796117,2155829676.4134865,97230337.08404349,0.7775043556399694,631.8410004230118,275.5819759485806,0,36586.40213703612,5055.130750473162,3424089.4423840656,0.045007413978564004,2.0942152550133404,1.6615974249023087e-4,2.0579009766144875e-4,0.02,0.025,22038084958.742767,8136029910.794038,8535808784.4820385,4373414327.842392,77551439.80765882,1.8150397402897538e-9,1.8936879366660968e-9,3.202001410744723,6.009646556712317,8.64583245712464,9.490269241484361,1.0508271819884558,13.672775618960959,25.661621710553224,36.918324529376505,40.524130147763806,0,0,0,0,3346.9322429906542,44.53497930237984,43.68293056940959,0.45404552912833057,0.4256431750576957
12,5413769.264801083,4850146.844404364,557338.4530552981,4895477.942706417,517049.34481392335,0.02872069424516244,2542.926411305254,4898020.869117723,3110557502.0176563,140070870.38938037,1.342290537910664,635.3940388296418,297.08771778086646,0,79908.69463573198,7581.663407663279,4857728.507812027,0.045007413978564004,2.0942152550133404,1.6615974249023087e-4,2.0579009766144875e-4,0.02,0.025,22038084958.742767,8136029910.794038,8535808784.4820385,4373414327.842392,77551439.80765882,1.8150397402897538e-9,1.8936879366660968e-9,3.219537908478071,6.042559769325642,8.693183348594737,9.542244885368738,1.4483102260169094,14.78113391690867,27.741833670021354,39.911040308440136,43.80914389830762,0,0,0,0,3344.9415292353824,44.53497930237984,43.68293056940959,0.45404552912833057,0.4256431750576957
13,5759354.721244918,5737779.120412823,15009.44210823152,5742680.18001024,14021.6069496156,0.034616634253772566,3581.564117650438,5746261.74412789,4244803377.1583576,191166774.41489553,1.5018165770961442,739.1676436960814,367.42992195535004,0,18965.886566480593,7494.384222669639,5745273.504635492,0.045007413978564004,2.0942152550133404,1.6615974249023087e-4,2.0579009766144875e-4,0.02,0.025,22038084958.742767,8136029910.794038,8535808784.4820385,4373414327.842392,77551439.80765882,1.8150397402897538e-9,1.8936879366660968e-9,3.0248680381465642,5.6771954343794935,8.167548638476061,8.965271534747647,1.218970631543332,15.259506866787058,28.639663490275037,41.20271131232863,45.226972159392965,0,0,0,0,3130.4314574314576,44.53497930237984,43.68293056940959,0.45404552912833057,0.4256431750576957
14,5680500.729626546,4209573.812253941,1401663.3152258077,4311373.00561885,1254184.9858988062,0.04260339274666266,115672.09184089687,4427045.0974597465,3040569523.3529034,140519742.76394832,1.7041422056259574,705.2439024390244,376.52640990447827,0,419660.38816849625,69994.67284411404,4279568.485098055,0.045007413978564004,2.0942152550133404,1.6615974249023087e-4,2.0579009766144875e-4,0.02,0.025,22038084958.742767,8136029910.794038,8535808784.4820385,4373414327.842392,77551439.80765882,1.8150397402897538e-9,1.8936879366660968e-9,3.1184030893724506,5.852745825033703,8.420105798211823,9.24249590344124,1.2384385439917867,13.053207332371365,24.498790736257895,35.245407214716245,38.68781932245006,0,0,0,0,3784.1418128654973,44.53497930237984,43.68293056940959,0.45404552912833057,0.4256431750576957
15,1628863.1683206079,1614080.7810265599,13179.247224717332,1614652.3087115476,14204.772125278814,0.041786974353755085,852.1239077835021,1615504.4326193312,924079545.0007737,41612379.75282683,0.015003287100319871,572.3086883876357,206.49514970028773,1,7.895536843749136,2397.6981372297137,1616478.4791637897,0.045007413978564004,2.0942152550133404,1.6615974249023087e-4,2.0579009766144875e-4,0.02,0.025,22038084958.742767,8136029910.794038,8535808784.4820385,4373414327.842392,77551439.80765882,1.8150397402897538e-9,1.8936879366660968e-9,2.8758349542044166,5.397484077368931,7.765139360950879,8.523559020895016,0.004695387754833602,NA,NA,NA,NA,0,0,0,0,1947.9447236180904,44.53497930237984,43.68293056940959,0.45404552912833057,0.4256431750576957
16,7240063.25,7070532.563499846,163197.08836585126,7077953.265329054,159920.1583267684,0.041343940974436076,2187.0705355650616,7080140.335864618,3647592232.673549,164219421.3724204,0.015003287100319871,515.345622659176,193.12327469690598,1,29.073371425103574,6330.865797134733,7076863.429296981,0.045007413978564004,2.0942152550133404,1.6615974249023087e-4,2.0579009766144875e-4,0.02,0.025,22038084958.742767,8136029910.794038,8535808784.4820385,4373414327.842392,77551439.80765882,1.8150397402897538e-9,1.8936879366660968e-9,3.3952142024219114,6.372276187142597,9.16753285981927,10.062924021636023,0.004695387754833602,NA,NA,NA,NA,0,0,0,0,1996.3471264367815,44.53497930237984,43.68293056940959,0.45404552912833057,0.4256431750576957
17,7240063.25,6959958.7856500335,265036.09912057716,6972434.30957008,259610.5106236478,0.0384416956752212,8018.458580218519,6980452.768150298,3710798691.563104,167205522.18469656,0.017201320693354793,532.2099179148684,205.6031808943735,0,147.90845109030553,15068.37779175959,6975027.163441793,0.045007413978564004,2.0942152550133404,1.6615974249023087e-4,2.0579009766144875e-4,0.02,0.025,22038084958.742767,8136029910.794038,8535808784.4820385,4373414327.842392,77551439.80765882,1.8150397402897538e-9,1.8936879366660968e-9,3.5485676557724615,6.660096189281112,9.581607713109845,10.517441485783442,0.9217108577117217,13.780783590881066,25.864335467758032,37.20996051245931,40.8442501609246,0,0,0,0,2360.139120095125,44.53497930237984,43.68293056940959,0.45404552912833057,0.4256431750576957
18,7240063.25,6069837.349956939,1156196.8928737578,6050880.866205899,1162380.526448646,0.03532089273172018,26785.505394957974,6077666.371600857,2848418770.288323,128767467.0595546,0.01637518409876014,470.74448055930327,191.26616468028493,0,8482.29889358036,14012.649007206513,6083849.998964146,0.045007413978564004,2.0942152550133404,1.6615974249023087e-4,2.0579009766144875e-4,0.02,0.025,22038084958.742767,8136029910.794038,8535808784.4820385,4373414327.842392,77551439.80765882,1.8150397402897538e-9,1.8936879366660968e-9,3.375531451472983,6.335334799150097,9.114386797350745,10.004587193522337,0.06284510453647757,13.888672452089441,26.066825673131728,37.50127488067524,41.16401714715666,0,0,0,0,2441.28418549346,44.53497930237984,43.68293056940959,0.45404552912833057,0.4256431750576957
19,7240063.25,6932897.459381938,281591.67086841504,6646675.889625769,529863.4646183274,0.03621809328091009,63523.93014856061,6710199.81977433,3525481022.2798524,160189258.99642253,0.3050954303536776,530.4126575183959,222.51399958657046,0,60971.97540995128,25574.139068798097,6958471.598450736,0.045007413978564004,2.0942152550133404,1.6615974249023087e-4,2.0579009766144875e-4,0.02,0.025,22038084958.742767,8136029910.794038,8535808784.4820385,4373414327.842392,77551439.80765882,1.8150397402897538e-9,1.8936879366660968e-9,3.449576170389658,6.4743049409455145,9.314317450704069,10.224045035130793,0.8384770495899284,13.74704441943738,25.801012417739223,37.11886023293867,40.74425213471802,0,0,0,0,2549.4780023781213,44.53497930237984,43.68293056940959,0.45404552912833057,0.4256431750576957
20,7240063.25,7199190.560138026,34545.74917755783,7180552.326021375,50339.85142779982,0.0357091350132391,9171.070457588337,7189723.396478963,4385815001.353941,197646305.15814266,0.840447166430419,610.7907584574415,265.7182199415113,0,50367.792106966306,6326.938171429976,7205517.498309456,0.045007413978564004,2.0942152550133404,1.6615974249023087e-4,2.0579009766144875e-4,0.02,0.025,22038084958.742767,8136029910.794038,8535808784.4820385,4373414327.842392,77551439.80765882,1.8150397402897538e-9,1.8936879366660968e-9,3.3066349230854684,6.206026990851173,8.928356947608282,9.800387844325604,1.317471685124346,14.381658089320668,26.992081179688853,38.83240209659944,42.62515530087812,0,0,0,0,2432.9024970273485,44.53497930237984,43.68293056940959,0.45404552912833057,0.4256431750576957
21,7240063.25,6614714.769474857,411064.4262959236,6485907.560120631,396157.77810127253,0.03434219851460097,357997.8998547132,6843905.459975344,3906172612.547309,185510603.3262662,1.4708685945624964,602.2553630836296,276.9503226579188,0,236543.36136904338,214284.00617632153,6828998.775651178,0.045007413978564004,2.0942152550133404,1.6615974249023087e-4,2.0579009766144875e-4,0.02,0.025,22038084958.742767,8136029910.794038,8535808784.4820385,4373414327.842392,77551439.80765882,1.8150397402897538e-9,1.8936879366660968e-9,3.353818725442937,6.294583471313249,9.055759530412855,9.940233812758583,1.8444785913748922,13.844168866334208,25.98329953226313,37.381109241494094,41.032114953231506,0,0,0,0,2706.091557669441,44.53497930237984,43.68293056940959,0.45404552912833057,0.4256431750576957
22,7240063.25,6330456.729747152,722962.6410074445,6185279.827161125,692403.6475077332,0.032156930698204474,362379.7711735249,6547659.59833465,4010220309.7842135,191064073.6745225,1.6687976993974665,648.349051594129,314.77199771047674,0,166051.73131654537,186643.22225709306,6517099.952004245,0.045007413978564004,2.0942152550133404,1.6615974249023087e-4,2.0579009766144875e-4,0.02,0.025,22038084958.742767,8136029910.794038,8535808784.4820385,4373414327.842392,77551439.80765882,1.8150397402897538e-9,1.8936879366660968e-9,3.361608804170392,6.3092042080949,9.076793785825542,9.96332247983032,1.9437853806982095,14.20105436956627,26.653116768583548,38.34474787605778,42.089871986907255,0,0,0,0,3029.820451843044,44.53497930237984,43.68293056940959,0.45404552912833057,0.4256431750576957
23,7223205.334513273,5471177.810504174,1651797.5850506765,5536804.762664495,1587928.9316536335,0.03999742855527947,98531.7254632279,5635336.488127723,3086426527.892357,141384124.3542913,1.4118093586053302,557.4382085322195,290.68245123301534,0,200362.56762662734,100290.6122129626,5571468.422717136,0.045007413978564004,2.0942152550133404,1.6615974249023087e-4,2.0579009766144875e-4,0.02,0.025,22038084958.742767,8136029910.794038,8535808784.4820385,4373414327.842392,77551439.80765882,1.8150397402897538e-9,1.8936879366660968e-9,3.289617846956599,6.174088649843575,8.88240856400463,9.749951690979799,1.4484566621145158,13.413141563139668,25.1743299484897,36.21727782175729,39.75461234376334,0,0,0,0,2736.431137724551,44.53497930237984,43.68293056940959,0.45404552912833057,0.4256431750576957
24,5089068.908262608,2517544.1023979825,2156579.8263873695,2238134.622930742,2138596.4566601487,0.044764246616125936,713183.2333392987,2951317.8562700404,897667033.4305404,53275694.03152201,1.7095637603052276,401.0782122905028,226.0169761378936,0,608362.6918232312,415777.53090800927,2933321.633305992,0.045007413978564004,2.0942152550133404,1.6615974249023087e-4,2.0579009766144875e-4,0.02,0.025,22038084958.742767,8136029910.794038,8535808784.4820385,4373414327.842392,77551439.80765882,1.8150397402897538e-9,1.8936879366660968e-9,3.3906108834251962,6.363636490712348,9.155103282287307,10.049280449669856,1.480538965615951,13.08625048653291,24.56080747271638,35.33462815440011,38.78575445406139,0,0,0,0,2931.258943781942,44.53497930237984,43.68293056940959,0.45404552912833057,0.4256431750576957
25,2744026.688546367,1852040.6990272754,454951.127870201,1208751.1409762732,475998.1713135088,0.046131983391001864,1062176.598537366,2270927.7395136394,366618167.1528938,31000197.46707582,2.090678333925998,303.303264604811,187.45900720752198,0,428820.8091445889,439836.8366031141,2291877.5356303896,0.045007413978564004,2.0942152550133404,1.6615974249023087e-4,2.0579009766144875e-4,0.02,0.025,22038084958.742767,8136029910.794038,8535808784.4820385,4373414327.842392,77551439.80765882,1.8150397402897538e-9,1.8936879366660968e-9,3.4709479584851928,6.514416382592022,9.372024139577821,10.287387925148883,1.7423650149421837,12.823763417618954,24.068161059573985,34.625877929501236,38.007780731738094,0,0,0,0,3863.685950413223,44.53497930237984,43.68293056940959,0.45404552912833057,0.4256431750576957
26,155559.48424670516,80796.98036558085,71324.12342371745,72018.30017081312,73139.9207873513,0.051083060294642615,10958.065311004766,82976.36548181789,16986483.007649675,880844.1421445481,1.9656581115183478,235.8634259259259,153.4094463596673,0,277.69804930746824,3870.696752080199,84667.67711766105,0.045007413978564004,2.0942152550133404,1.6615974249023087e-4,2.0579009766144875e-4,0.02,0.025,22038084958.742767,8136029910.794038,8535808784.4820385,4373414327.842392,77551439.80765882,1.8150397402897538e-9,1.8936879366660968e-9,3.5061211344985317,6.58043083074557,9.466996423405002,10.39163613357396,1.2800061197310235,NA,NA,NA,NA,0,0,0,0,3848.032258064516,44.53497930237984,43.68293056940959,0.45404552912833057,0.4256431750576957
27,2112156.0632323874,2026078.8011748285,78013.46932629534,2011092.156670584,86805.9284082337,0.05681878798131875,15396.529777370208,2026488.6864479543,1273865356.6034968,57772318.68774405,0.048487102335536644,633.4196831200487,252.35225676278014,0,557.5752375323362,9209.566338602403,2035288.367513431,0.045007413978564004,2.0942152550133404,1.6615974249023087e-4,2.0579009766144875e-4,0.02,0.025,22038084958.742767,8136029910.794038,8535808784.4820385,4373414327.842392,77551439.80765882,1.8150397402897538e-9,1.8936879366660968e-9,3.791727937633924,7.1164693019581815,10.238173025713017,11.238133405517415,0.8342235850764707,13.281252383921826,24.926794969556088,35.86115938202185,39.36371188487673,0,0,0,0,1917.8821292775665,44.53497930237984,43.68293056940959,0.45404552912833057,0.4256431750576957
28,7229617,6996425.080133684,207431.5836038866,6985869.52144051,213511.82619417628,0.04894557069067972,30235.674703547968,7016105.196144057,4159703215.9228516,188027784.2221035,0.08285564514436479,595.4453061506804,238.2252504067501,0,3008.0907815730498,25760.332247418723,7022185.412381102,0.045007413978564004,2.0942152550133404,1.6615974249023087e-4,2.0579009766144875e-4,0.02,0.025,22038084958.742767,8136029910.794038,8535808784.4820385,4373414327.842392,77551439.80765882,1.8150397402897538e-9,1.8936879366660968e-9,3.6764228759300046,6.9000600696838905,9.926833923361203,10.896385873238327,1.070170622443623,13.850683569650398,25.995526592570087,37.398699812563386,41.051423591975876,0,0,0,0,1921.1873563218392,44.53497930237984,43.68293056940959,0.45404552912833057,0.4256431750576957
29,7229617,6818335.248385871,366131.270744606,6828487.1334606875,364443.9888399211,0.04567905414029957,36685.85576082633,6865172.989221514,3763546326.604704,170297517.07889006,0.23430071277074505,551.1537552970877,225.3552325002641,0,1903.4178569473308,45150.5258505292,6863485.7742364,0.045007413978564004,2.0942152550133404,1.6615974249023087e-4,2.0579009766144875e-4,0.02,0.025,22038084958.742767,8136029910.794038,8535808784.4820385,4373414327.842392,77551439.80765882,1.8150397402897538e-9,1.8936879366660968e-9,3.6847735836680613,6.91573301780806,9.94938195215325,10.921136163642686,1.1723759498090145,14.104641145401203,26.47216450582662,38.08441926408865,41.804117129743325,0,0,0,0,1965.9702734839477,44.53497930237984,43.68293056940959,0.45404552912833057,0.4256431750576957
30,7229617,6802988.5569143705,405748.8353628687,6739984.478309434,459760.14483992534,0.03958344440284677,29872.381506470796,6769856.859815905,3534685661.817863,159792152.90101156,0.5045196702782039,524.4352821869488,219.34237086152152,0,4007.9397327236584,20879.599047135554,6823868.155961506,0.045007413978564004,2.0942152550133404,1.6615974249023087e-4,2.0579009766144875e-4,0.02,0.025,22038084958.742767,8136029910.794038,8535808784.4820385,4373414327.842392,77551439.80765882,1.8150397402897538e-9,1.8936879366660968e-9,3.6252653062708022,6.804045461033016,9.788701636878454,10.74476223304358,1.1888387520149084,15.870819013576144,29.786999005399935,42.85333594428793,47.03881297999676,0,0,0,0,2095.1961950059454,44.53497930237984,43.68293056940959,0.45404552912833057,0.4256431750576957
31,7229617,6401260.105123699,683238.4001550046,6180369.498372538,755813.9659196357,0.04035621477445528,293433.5588127973,6473803.057185335,3074915357.642951,144964702.4765618,1.006435718967796,497.5293723866609,214.4902578232136,0,98813.88275497797,145118.2011315716,6546378.306255271,0.045007413978564004,2.0942152550133404,1.6615974249023087e-4,2.0579009766144875e-4,0.02,0.025,22038084958.742767,8136029910.794038,8535808784.4820385,4373414327.842392,77551439.80765882,1.8150397402897538e-9,1.8936879366660968e-9,3.6994434352638725,6.943265992289088,9.988992515297495,10.96461548283027,2.069014858021453,13.400599037324305,25.150789625607324,36.18341132300284,39.71743811062384,0,0,0,0,2090.69322235434,44.53497930237984,43.68293056940959,0.45404552912833057,0.4256431750576957
32,7229617,6076700.321138632,965545.3027603114,5986116.353570612,957040.4341874844,0.04055513573092846,286460.17902218533,6272576.532592798,3450908198.750547,162748982.20071268,1.061141063287596,576.4853195164076,252.95613524365487,0,169610.46361488238,187371.40830243862,6264071.72944107,0.045007413978564004,2.0942152550133404,1.6615974249023087e-4,2.0579009766144875e-4,0.02,0.025,22038084958.742767,8136029910.794038,8535808784.4820385,4373414327.842392,77551439.80765882,1.8150397402897538e-9,1.8936879366660968e-9,3.667360366468604,6.883051183117779,9.902363934628076,10.869525905437065,1.9132705488593214,13.586795872981709,25.5002514242575,36.686167705226374,40.26929861148795,0,0,0,0,2629.219976218787,44.53497930237984,43.68293056940959,0.45404552912833057,0.4256431750576957
33,7229617,5981948.653173744,1002728.3473010206,5425910.405710138,1041698.1729468836,0.03471130412607994,762008.1618069287,6187918.567517067,3196160478.0938005,164053163.1604768,1.6080317254925036,589.0551518746447,266.7770559914772,0,326979.11129069346,244939.0972304018,6226887.750404146,0.045007413978564004,2.0942152550133404,1.6615974249023087e-4,2.0579009766144875e-4,0.02,0.025,22038084958.742767,8136029910.794038,8535808784.4820385,4373414327.842392,77551439.80765882,1.8150397402897538e-9,1.8936879366660968e-9,3.651408985150973,6.853112981501557,9.85929306967806,10.822248317435411,2.3334754020488866,13.738741574181676,25.78542929986975,37.096441439256274,40.71964370179146,0,0,0,0,2944.4922711058266,44.53497930237984,43.68293056940959,0.45404552912833057,0.4256431750576957
34,7229617,6586556.534414666,393273.15760488756,5735215.196757123,446377.9024695979,0.030626854337399836,1048023.9231448269,6783239.11990195,3835353395.241717,204162913.90921476,1.9286959264708912,668.7374865044908,312.29465010755786,0,823938.1889300438,249787.33430006652,6836343.868714732,0.045007413978564004,2.0942152550133404,1.6615974249023087e-4,2.0579009766144875e-4,0.02,0.025,22038084958.742767,8136029910.794038,8535808784.4820385,4373414327.842392,77551439.80765882,1.8150397402897538e-9,1.8936879366660968e-9,3.6388683161635127,6.829576143589349,9.825431584607502,10.78507958766535,2.595639644195709,13.369013319527754,25.091508265030672,36.09812565660974,39.62382260968467,0,0,0,0,3242.5826397146257,44.53497930237984,43.68293056940959,0.45404552912833057,0.4256431750576957
35,7229617,6690735.955912903,279621.7606167829,5450643.295715753,312418.7104431952,0.033097809274952025,1466554.9830308636,6917198.278746616,3560079853.4978724,203341612.25150064,1.6912720820637166,653.1485662061434,320.3769412960953,0,991155.6051116984,259259.28826965732,6949995.244182561,0.045007413978564004,2.0942152550133404,1.6615974249023087e-4,2.0579009766144875e-4,0.02,0.025,22038084958.742767,8136029910.794038,8535808784.4820385,4373414327.842392,77551439.80765882,1.8150397402897538e-9,1.8936879366660968e-9,3.8015536572976147,7.13491061249164,10.264703784162368,11.267255418014617,2.3808361013772403,13.449548070106752,25.24265916236903,36.31558026426414,39.86251596682242,0,0,0,0,2804.8525564803804,44.53497930237984,43.68293056940959,0.45404552912833057,0.4256431750576957
36,7229617,5871075.580975322,349813.6273382806,4342313.917395786,381797.6538779406,0.038438281786379154,2505504.298582405,6847818.215978191,2230792811.1140833,158334043.4727654,1.7714905422096898,513.733657573047,270.54729798225736,0,1125611.0816092226,1008726.8928492942,6879802.4738246165,0.045007413978564004,2.0942152550133404,1.6615974249023087e-4,2.0579009766144875e-4,0.02,0.025,22038084958.742767,8136029910.794038,8535808784.4820385,4373414327.842392,77551439.80765882,1.8150397402897538e-9,1.8936879366660968e-9,3.7409816749335256,7.021226650946187,10.101151323080213,11.087728819682498,1.975568087440401,13.00571367055762,24.409652698958208,35.11716796989922,38.547054975387645,0,0,0,0,3261.6706302021403,44.53497930237984,43.68293056940959,0.45404552912833057,0.4256431750576957
37,7219492.659644991,5256902.28924617,245054.51085182859,3280700.1504868255,308311.5900351742,0.04573205001448596,3630546.1151278988,6911246.265614724,1508198039.0309722,142998756.7354279,1.857656293153497,459.7183436002738,258.03707357198175,0,1576909.061198106,1717601.111664482,6974503.400910651,0.045007413978564004,2.0942152550133404,1.6615974249023087e-4,2.0579009766144875e-4,0.02,0.025,22038084958.742767,8136029910.794038,8535808784.4820385,4373414327.842392,77551439.80765882,1.8150397402897538e-9,1.8936879366660968e-9,3.786448153423291,7.106559988084944,10.223916901545886,11.222484888459393,1.6196651462707097,12.662481736376742,23.765461036680303,34.190395799560754,37.52976514636961,0,0,0,0,3705.1474435196196,44.53497930237984,43.68293056940959,0.45404552912833057,0.4256431750576957
38,1654227.5071152668,766557.0804348977,726023.5897805,602483.8575017293,752188.002618495,0.05286637505329825,300993.4347421814,903477.2922439107,126384567.10148695,8530017.686752364,1.445571339475742,209.772536687631,134.02039169830599,0,278141.7070937044,163065.94876022346,929623.0291951211,0.045007413978564004,2.0942152550133404,1.6615974249023087e-4,2.0579009766144875e-4,0.02,0.025,22038084958.742767,8136029910.794038,8535808784.4820385,4373414327.842392,77551439.80765882,1.8150397402897538e-9,1.8936879366660968e-9,3.9608161792709304,7.433820995097515,10.694733913774385,11.739286507236733,0.6588764088079924,12.542697482618465,23.540645074472668,33.86696227903806,37.17474193643544,0,0,0,0,3805.803149606299,44.53497930237984,43.68293056940959,0.45404552912833057,0.4256431750576957
39,3934193.864354939,3923049.5707169673,11830.237996470936,3921973.556329548,12059.69708808273,0.056552946716485024,1677.5003448743873,3923651.056674422,3009784091.060623,135520538.42150915,0.015003287100319871,767.4157022816303,336.96860173743806,1,18.394578388858623,822.2832639721585,3923871.8539809394,0.045007413978564004,2.0942152550133404,1.6615974249023087e-4,2.0579009766144875e-4,0.02,0.025,22038084958.742767,8136029910.794038,8535808784.4820385,4373414327.842392,77551439.80765882,1.8150397402897538e-9,1.8936879366660968e-9,3.475954008880714,6.523811941701153,9.385541145799731,10.302225134754888,0.004695387754833602,NA,NA,NA,NA,0,0,0,0,1898.1106471816283,44.53497930237984,43.68293056940959,0.45404552912833057,0.4256431750576957
40,7201096.7834304795,7138253.797072196,45130.07235136692,7131690.878095325,47300.008837103254,0.0557594088548905,22228.959840250005,7153919.837935575,5036151488.810522,227370650.53962147,0.8313554230390852,706.1651402024224,305.26306504074984,0,4359.318609683827,17837.6847605038,7156091.4818327,0.045007413978564004,2.0942152550133404,1.6615974249023087e-4,2.0579009766144875e-4,0.02,0.025,22038084958.742767,8136029910.794038,8535808784.4820385,4373414327.842392,77551439.80765882,1.8150397402897538e-9,1.8936879366660968e-9,3.778260788736152,7.091193608846163,10.201809920857855,11.198218723242089,1.5314334525391546,14.193798277029979,26.639498238816632,38.32515545484532,42.0683659777033,0,0,0,0,1972.458977407848,44.53497930237984,43.68293056940959,0.45404552912833057,0.4256431750576957
41,7206558.5,7124825.0256374255,62759.536620697225,7124047.564972853,68729.7819045298,0.046207817931120686,13781.180081558976,7137828.745054413,4577620782.84519,206425424.2125558,0.4312461347602325,642.5589864604776,277.7761423741761,0,4167.837919511826,18973.946922441577,7143798.972559867,0.045007413978564004,2.0942152550133404,1.6615974249023087e-4,2.0579009766144875e-4,0.02,0.025,22038084958.742767,8136029910.794038,8535808784.4820385,4373414327.842392,77551439.80765882,1.8150397402897538e-9,1.8936879366660968e-9,3.63528174015727,6.822844711781113,9.815747349259988,10.774449494923955,1.3885868636796337,15.221879687648913,28.56904326918845,41.10111289155001,45.1154506405016,0,0,0,0,1931.9563218390804,44.53497930237984,43.68293056940959,0.45404552912833057,0.4256431750576957
42,7206558.5,7109279.660147298,79216.08270176518,7119035.928961586,78137.5241593019,0.04040676116317135,9385.082155257762,7128421.011116844,4345212671.859145,195824602.808974,0.8749862252913524,610.3653240717605,264.0474576011202,0,6552.54754238228,18062.776487241586,7127342.43663454,0.045007413978564004,2.0942152550133404,1.6615974249023087e-4,2.0579009766144875e-4,0.02,0.025,22038084958.742767,8136029910.794038,8535808784.4820385,4373414327.842392,77551439.80765882,1.8150397402897538e-9,1.8936879366660968e-9,3.6527153979490232,6.855564910206867,9.86282055912072,10.826120336089875,1.33108770752958,16.298885564731325,30.59041172925477,44.00917293716609,48.30754034848078,0,0,0,0,1915.7776456599286,44.53497930237984,43.68293056940959,0.45404552912833057,0.4256431750576957
43,7206558.5,6962366.870077353,224959.24216394266,6930293.432617422,242872.43717869854,0.038157508588476,33392.67025352242,6963686.102870945,3858704510.135943,174507117.93086243,0.951414097353134,556.788041899489,243.25073804373474,0,26900.51968310644,19232.358167054175,6981599.228244407,0.045007413978564004,2.0942152550133404,1.6615974249023087e-4,2.0579009766144875e-4,0.02,0.025,22038084958.742767,8136029910.794038,8535808784.4820385,4373414327.842392,77551439.80765882,1.8150397402897538e-9,1.8936879366660968e-9,3.717899584552324,6.977905244367278,10.038826589079031,11.01931684096231,1.8720882362094953,16.241676951258132,30.483040275319812,43.85470202233956,48.13798228927109,0,0,0,0,2111.5969084423305,44.53497930237984,43.68293056940959,0.45404552912833057,0.4256431750576957
44,7206558.5,6891349.667086884,273401.70441207965,6839930.882552592,271633.1882099641,0.03404274200145363,94994.45112957398,6934925.333682166,3808840895.1546926,173806881.70019794,0.8585306849524535,556.8537110324238,244.89203094984381,0,80094.2962623701,41807.17609873956,6933156.843185624,0.045007413978564004,2.0942152550133404,1.6615974249023087e-4,2.0579009766144875e-4,0.02,0.025,22038084958.742767,8136029910.794038,8535808784.4820385,4373414327.842392,77551439.80765882,1.8150397402897538e-9,1.8936879366660968e-9,3.7260713726830352,6.99324238889105,10.060891510979493,11.043536839518394,1.744987517934548,16.605599297454813,31.166064544888403,44.83734107492149,49.21659550811908,0,0,0,0,2056.92033293698,44.53497930237984,43.68293056940959,0.45404552912833057,0.4256431750576957
45,7206558.5,7066692.033466598,131851.4073988494,7004403.075001793,134466.77892176778,0.03074698503663826,67688.62727610428,7072091.702277897,4398054539.484821,199857948.05830464,1.1240955480022863,627.8985507246376,276.3564938607556,0,64799.45289479448,8015.110652682325,7074707.14411928,0.045007413978564004,2.0942152550133404,1.6615974249023087e-4,2.0579009766144875e-4,0.02,0.025,22038084958.742767,8136029910.794038,8535808784.4820385,4373414327.842392,77551439.80765882,1.8150397402897538e-9,1.8936879366660968e-9,3.7154540397831894,6.973315346420389,10.032223290820204,11.012068599839331,1.9375319354569946,16.534329423482756,31.032302345010464,44.64490287438382,49.00536190574406,0,0,0,0,2588.935790725327,44.53497930237984,43.68293056940959,0.45404552912833057,0.4256431750576957
46,7206558.5,7092934.241697488,69467.41915119729,6702201.539933758,74689.05598036999,0.026600161702799826,429667.5655363259,7131869.105470084,4607935889.277799,220686805.76190615,1.4874232063004618,687.5257125322647,305.3074948393525,0,284724.30816212913,44156.43970768418,7137090.681405173,0.045007413978564004,2.0942152550133404,1.6615974249023087e-4,2.0579009766144875e-4,0.02,0.025,22038084958.742767,8136029910.794038,8535808784.4820385,4373414327.842392,77551439.80765882,1.8150397402897538e-9,1.8936879366660968e-9,3.6414849774633864,6.834487200004908,9.832496920406491,10.792834993445698,2.182391283051113,15.444386854920218,28.98665377590113,41.70191202995191,45.77492971458282,0,0,0,0,2824.4506539833533,44.53497930237984,43.68293056940959,0.45404552912833057,0.4256431750576957
47,7206558.5,7072781.758150322,112084.91997833236,6545304.731984064,118009.3891517698,0.011118641058507921,543244.4131700981,7088549.145154162,4316141583.317493,210381344.53514335,1.0688293603266432,659.4256127184395,300.41264759944653,0,543304.805526738,21691.823388880144,7094473.5815392025,0.045007413978564004,2.0942152550133404,1.6615974249023087e-4,2.0579009766144875e-4,0.02,0.025,22038084958.742767,8136029910.794038,8535808784.4820385,4373414327.842392,77551439.80765882,1.8150397402897538e-9,1.8936879366660968e-9,3.9621717231887663,7.436365135087883,10.698394063817588,11.743304143426943,1.7230409446129487,14.755165101930707,27.69309434124076,39.84092103158532,43.73217608524041,0,0,0,0,2866.9322235434006,44.53497930237984,43.68293056940959,0.45404552912833057,0.4256431750576957
48,7206558.5,6872206.949662389,33599.432610243864,4578034.390136624,54467.60130997095,0.02595852130106331,2574056.481091863,7152090.871228486,2773742353.996652,195031226.1672651,1.6411935078330953,605.8806285886975,286.0968410839482,0,1774111.7092639091,300752.1214153128,7172959.071077702,0.045007413978564004,2.0942152550133404,1.6615974249023087e-4,2.0579009766144875e-4,0.02,0.025,22038084958.742767,8136029910.794038,8535808784.4820385,4373414327.842392,77551439.80765882,1.8150397402897538e-9,1.8936879366660968e-9,4.183989407054802,7.852681591286253,11.297331504724944,12.400739688379291,2.391711493395306,12.522692876130588,23.5030996149064,33.81294716352796,37.11545117503764,0,0,0,0,3218.462544589774,44.53497930237984,43.68293056940959,0.45404552912833057,0.4256431750576957
49,5755570.576026456,3908139.026769153,181452.61299612856,1637779.7883366118,210729.11015077675,0.03177111304966082,3907754.71387018,5545534.502206791,695611375.868347,106007999.82844654,1.8987197020468887,424.72826983341577,214.83163401363652,0,3058466.9509078762,1666671.988672304,5574811.015441457,0.045007413978564004,2.0942152550133404,1.6615974249023087e-4,2.0579009766144875e-4,0.02,0.025,22038084958.742767,8136029910.794038,8535808784.4820385,4373414327.842392,77551439.80765882,1.8150397402897538e-9,1.8936879366660968e-9,4.093482270492728,7.68281411409746,11.052950119924805,12.132489620978442,2.353050287959858,12.13255374729287,22.770870620755826,32.75951928820578,35.95913520281983,0,0,0,0,3560.1834992887625,44.53497930237984,43.68293056940959,0.45404552912833057,0.4256431750576957
50,1939536.1264401725,1623601.5800624378,5899.223097617576,897273.3056196736,9987.223782717436,0.037384551930918636,1033201.8509589641,1930475.1565786377,292202105.5833197,28294815.78559359,2.0968214285511317,325.65563218390804,176.66385411565275,0,993945.275089619,310961.7757740342,1934563.355836472,0.045007413978564004,2.0942152550133404,1.6615974249023087e-4,2.0579009766144875e-4,0.02,0.025,22038084958.742767,8136029910.794038,8535808784.4820385,4373414327.842392,77551439.80765882,1.8150397402897538e-9,1.8936879366660968e-9,4.032280699511023,7.567948515012654,10.887697685292814,11.951097013008575,2.0406839753866937,12.027403200195145,22.573519794743763,32.47559873466346,35.64748418371091,0,0,0,0,3656.9375,44.53497930237984,43.68293056940959,0.45404552912833057,0.4256431750576957
51,5793798.179342395,5719142.368429762,14263.764140430476,5540601.913037363,23207.56084775155,0.0690953047681359,230923.08910011404,5771525.0021374775,4262055919.613525,199819025.82345355,1.1647852666512821,769.2405963302751,377.30424748738164,0,120110.4965208399,61322.82247078333,5780465.190900546,0.045007413978564004,2.0942152550133404,1.6615974249023087e-4,2.0579009766144875e-4,0.02,0.025,22038084958.742767,8136029910.794038,8535808784.4820385,4373414327.842392,77551439.80765882,1.8150397402897538e-9,1.8936879366660968e-9,3.843363834560946,7.213381654691362,10.377596859851979,11.391174738578226,1.5399137021995954,13.720021713549933,25.750295103610448,37.04589530954513,40.66416074136485,0,0,0,0,2508.303546099291,44.53497930237984,43.68293056940959,0.45404552912833057,0.4256431750576957
52,7170918.875,7103125.626250183,28940.189618754026,6897605.964891696,36282.637349979064,0.0589795457058094,237030.25479343388,7134636.21968513,5396887923.706488,251247016.030331,1.5677748149598385,782.4291429774689,373.9601806941224,0,145507.02458562524,38853.06439006706,7141978.69064025,0.045007413978564004,2.0942152550133404,1.6615974249023087e-4,2.0579009766144875e-4,0.02,0.025,22038084958.742767,8136029910.794038,8535808784.4820385,4373414327.842392,77551439.80765882,1.8150397402897538e-9,1.8936879366660968e-9,3.8453880551560125,7.2171807942821005,10.383062526438655,11.397174235763602,1.7740991999970914,14.612145648646539,27.424669610980516,39.45474936187425,43.30828710321746,0,0,0,0,2393.183115338882,44.53497930237984,43.68293056940959,0.45404552912833057,0.4256431750576957
53,7170918.875,7078923.95451609,33417.126274730115,6746602.641742047,40595.61120987745,0.04762798813889301,383720.6725936014,7130323.314335648,4893416472.168455,232766421.76730347,1.661659094315206,725.3156487818469,339.1225218510727,0,179085.72643914443,58577.824248337456,7137501.778764428,0.045007413978564004,2.0942152550133404,1.6615974249023087e-4,2.0579009766144875e-4,0.02,0.025,22038084958.742767,8136029910.794038,8535808784.4820385,4373414327.842392,77551439.80765882,1.8150397402897538e-9,1.8936879366660968e-9,3.8526817979513175,7.230869987587345,10.402756608390638,11.418791834891858,2.0414264368840396,15.537762127466445,29.161904287426974,41.954037765863205,46.051680522370425,0,0,0,0,2425.97816091954,44.53497930237984,43.68293056940959,0.45404552912833057,0.4256431750576957
54,7170918.875,6970477.539631773,185462.0509546129,6840588.840668699,188327.47528815796,0.03637834561902385,142002.6034327703,6982591.444101469,4400420926.135162,202162884.59453064,0.9709179060410777,643.2810140515625,297.94654138527693,0,195187.69688130778,14979.236522462053,6985456.776154235,0.045007413978564004,2.0942152550133404,1.6615974249023087e-4,2.0579009766144875e-4,0.02,0.025,22038084958.742767,8136029910.794038,8535808784.4820385,4373414327.842392,77551439.80765882,1.8150397402897538e-9,1.8936879366660968e-9,3.7151434206743037,6.972732363835841,10.031384577644001,11.01114796970938,1.6573531174666378,16.709150100517434,31.360412906192018,45.116942105413194,49.52350511719624,0,0,0,0,2300.4934601664686,44.53497930237984,43.68293056940959,0.45404552912833057,0.4256431750576957
55,7170918.875,6690192.369287496,370974.6824128787,6106573.2583892085,421772.56188766484,0.03465623262162667,642573.0423107159,6749146.300699924,3432067804.8680487,170722668.44089094,1.8816059248327814,562.0284338934401,258.38890006606323,0,441220.2649445128,109751.60337639369,6799943.972663891,0.045007413978564004,2.0942152550133404,1.6615974249023087e-4,2.0579009766144875e-4,0.02,0.025,22038084958.742767,8136029910.794038,8535808784.4820385,4373414327.842392,77551439.80765882,1.8150397402897538e-9,1.8936879366660968e-9,3.933187019641279,7.38196546390505,10.620131484091646,11.657397672671744,2.9147296636027984,14.51189790844953,27.236520572484924,39.18406704329678,43.0111672949227,0,0,0,0,2368.7514863258025,44.53497930237984,43.68293056940959,0.45404552912833057,0.4256431750576957
56,7170918.875,6807247.236174954,332610.7889909193,6434980.319670184,313226.2742197575,0.028136771224217948,422712.32938820776,6857692.649058391,4003609901.863094,192028906.3856336,1.6621143030249799,622.1635036901392,280.7342082021209,0,284536.74108329765,31060.84753544115,6838308.083710395,0.045007413978564004,2.0942152550133404,1.6615974249023087e-4,2.0579009766144875e-4,0.02,0.025,22038084958.742767,8136029910.794038,8535808784.4820385,4373414327.842392,77551439.80765882,1.8150397402897538e-9,1.8936879366660968e-9,3.9035359021315448,7.326315039877409,10.540069497455589,11.569516047281446,2.662507324797562,15.30250587571317,28.720365780120293,41.31881439265523,45.35441500512577,0,0,0,0,2349.219976218787,44.53497930237984,43.68293056940959,0.45404552912833057,0.4256431750576957
57,7170918.875,6931338.187736927,229728.70250492444,6808161.692301484,219428.26619881912,0.02407012299643969,143328.89572640735,6951490.588027891,4110152182.4401903,188881768.30908394,1.7682559660150072,603.7095427812559,271.41736231754,0,366628.43034815654,9851.947252100616,6941190.134989027,0.045007413978564004,2.0942152550133404,1.6615974249023087e-4,2.0579009766144875e-4,0.02,0.025,22038084958.742767,8136029910.794038,8535808784.4820385,4373414327.842392,77551439.80765882,1.8150397402897538e-9,1.8936879366660968e-9,3.9999659159594594,7.507298814156842,10.800443443762019,11.855320666578637,2.6679653448333642,14.754082735403399,27.691062911694193,39.837998497066465,43.728968107340194,0,0,0,0,2840.2592152199763,44.53497930237984,43.68293056940959,0.45404552912833057,0.4256431750576957
58,7170918.875,6898338.370525116,227975.62514994346,6149312.403087279,245673.41901762132,0.019716998161651428,775932.8880314889,6925245.291118768,3700297296.7853694,187555274.54474077,1.4112389047841039,601.7416345488684,270.14367925920624,0,394392.9729059936,44604.018580388634,6942942.389105504,0.045007413978564004,2.0942152550133404,1.6615974249023087e-4,2.0579009766144875e-4,0.02,0.025,22038084958.742767,8136029910.794038,8535808784.4820385,4373414327.842392,77551439.80765882,1.8150397402897538e-9,1.8936879366660968e-9,3.877548751583203,7.277541298152142,10.469900712106185,11.492493890234552,2.2066267835022564,15.606722351617659,29.291331642527375,42.14023960269452,46.25606865660173,0,0,0,0,3350.091557669441,44.53497930237984,43.68293056940959,0.45404552912833057,0.4256431750576957
59,7170918.875,7076654.882023895,84354.07389799332,6957401.937223949,100518.31710907754,0.00969536578605658,112998.60999727668,7070400.547221225,3959295649.660633,181091854.77646556,0.9454904969581907,569.0767452254482,257.622663511621,0,650597.4647327886,9909.90727212654,7086564.789296022,0.045007413978564004,2.0942152550133404,1.6615974249023087e-4,2.0579009766144875e-4,0.02,0.025,22038084958.742767,8136029910.794038,8535808784.4820385,4373414327.842392,77551439.80765882,1.8150397402897538e-9,1.8936879366660968e-9,4.091660706344702,7.679395328373856,11.048031652874513,12.127090768202368,1.6892860266295526,14.624228166560865,27.44734657231369,39.487373777715206,43.344097939445454,0,0,0,0,3259.9762187871584,44.53497930237984,43.68293056940959,0.45404552912833057,0.4256431750576957
60,6559744.437925834,5377606.796250029,310942.8397158431,3394519.1985671027,340956.5456159746,0.021858972818407037,2824844.17491085,6219363.373477953,1458519374.7536986,120271831.6867088,1.8844524464511823,429.66891316136025,201.13751827260083,0,2511694.02880067,871770.2444643137,6249377.040714342,0.045007413978564004,2.0942152550133404,1.6615974249023087e-4,2.0579009766144875e-4,0.02,0.025,22038084958.742767,8136029910.794038,8535808784.4820385,4373414327.842392,77551439.80765882,1.8150397402897538e-9,1.8936879366660968e-9,4.375117012100477,8.211397658587508,11.813401624373041,12.967214276827919,2.5041620887140588,11.751249755628608,22.055223771608173,31.7299474660012,34.82900529981491,0,0,0,0,3422.6993710691822,44.53497930237984,43.68293056940959,0.45404552912833057,0.4256431750576957
61,2445745.3479249333,1199721.5496161964,138770.34169940237,546960.3275144424,93924.47013000006,0.0246395834794066,1805485.450413916,2352445.7779283584,150106607.4109582,29056792.010644592,2.0643246109685762,274.4378337147216,136.081790317899,0,2150022.237312847,1107878.3582844173,2307599.9079006137,0.045007413978564004,2.0942152550133404,1.6615974249023087e-4,2.0579009766144875e-4,0.02,0.025,22038084958.742767,8136029910.794038,8535808784.4820385,4373414327.842392,77551439.80765882,1.8150397402897538e-9,1.8936879366660968e-9,4.33547377911205,8.136993625589147,11.70635958831192,12.849717465801977,2.4678719411282293,11.784649956913475,22.117910628638136,31.820132480715493,34.92799866747849,0,0,0,0,3599.7893258426966,44.53497930237984,43.68293056940959,0.45404552912833057,0.4256431750576957
62,762165.5262858378,759747.696423845,810.6600859680832,759716.1901900411,999.4019541630614,0.06692137897932886,1933.9894224766556,761650.1796125177,688386863.3365052,31061383.89873884,1.6578803979020302,906.1105610561056,474.08026383299057,0,11577.83997169025,2089.6411221671897,761837.3375460122,0.045007413978564004,2.0942152550133404,1.6615974249023087e-4,2.0579009766144875e-4,0.02,0.025,22038084958.742767,8136029910.794038,8535808784.4820385,4373414327.842392,77551439.80765882,1.8150397402897538e-9,1.8936879366660968e-9,3.8291071648158934,7.1866241567227345,10.339101943016944,11.348920030659155,1.817215923251314,14.669034770325366,27.531441429713727,39.60835760608602,43.476898234940236,0,0,0,0,3236.4761904761904,44.53497930237984,43.68293056940959,0.45404552912833057,0.4256431750576957
63,3621796.944064422,3595077.9398320997,6034.38580988101,3533786.846013113,6651.566739445545,0.05837785201895918,82476.5008257816,3616263.3468388943,2868148840.773232,132100799.13361889,2.2781930997187207,811.6360623191332,423.1783481746653,0,193731.39691098875,21784.87011831704,3616862.809950417,0.045007413978564004,2.0942152550133404,1.6615974249023087e-4,2.0579009766144875e-4,0.02,0.025,22038084958.742767,8136029910.794038,8535808784.4820385,4373414327.842392,77551439.80765882,1.8150397402897538e-9,1.8936879366660968e-9,3.9122811331765948,7.342728445399712,10.563682791990884,11.59543564772822,2.334683332127361,14.470695224706647,27.159189698847012,39.07281428143683,42.889048497323316,0,0,0,0,3403.372043010753,44.53497930237984,43.68293056940959,0.45404552912833057,0.4256431750576957
64,4069776.3035441036,3672734.3587003825,8273.817674895898,2603390.8647636445,23719.49897864077,0.05041637333364302,1443602.7157079973,4046993.580471642,1833577258.8575974,128285157.86127938,2.2492982716331085,704.3034849951597,359.1210755049502,0,1056602.0750861499,389584.0567441479,4062318.4154445305,0.045007413978564004,2.0942152550133404,1.6615974249023087e-4,2.0579009766144875e-4,0.02,0.025,22038084958.742767,8136029910.794038,8535808784.4820385,4373414327.842392,77551439.80765882,1.8150397402897538e-9,1.8936879366660968e-9,3.942035624323075,7.398572885275703,10.64402390128466,11.683623657632245,2.7870161842784507,13.743461223489536,25.794287329762145,37.10918512420132,40.733632059981026,0,0,0,0,3161.1969981238276,44.53497930237984,43.68293056940959,0.45404552912833057,0.4256431750576957
65,3941851.474404919,3785053.4096524045,61754.7276812456,2894087.4047990167,80232.78836367594,0.036876735935898713,968643.7866233933,3862731.19142241,1875214223.7227657,112646523.21726446,1.7024098657066207,647.9466448087431,321.6599150138876,0,339467.53389485553,96059.65320126603,3881113.0628536707,0.045007413978564004,2.0942152550133404,1.6615974249023087e-4,2.0579009766144875e-4,0.02,0.025,22038084958.742767,8136029910.794038,8535808784.4820385,4373414327.842392,77551439.80765882,1.8150397402897538e-9,1.8936879366660968e-9,3.9515291185179495,7.416390661529001,10.669657606493578,11.711761001872476,2.604844287075876,15.03236622206823,28.213356684524314,40.58940116454033,44.553760128057654,0,0,0,0,3320.195028680688,44.53497930237984,43.68293056940959,0.45404552912833057,0.4256431750576957
66,7122746.75,6097196.8888332285,165256.33577525133,3500772.8219386553,223115.36993578175,0.03470142211191154,3398858.5621535047,6899631.38409216,2136750219.1213312,189539520.47219893,2.7253639421401874,610.3652901241513,299.1957508582599,0,2579040.3541179956,860293.545463609,6957490.434296837,0.045007413978564004,2.0942152550133404,1.6615974249023087e-4,2.0579009766144875e-4,0.02,0.025,22038084958.742767,8136029910.794038,8535808784.4820385,4373414327.842392,77551439.80765882,1.8150397402897538e-9,1.8936879366660968e-9,4.105104287130832,7.704626787894813,11.084331120673209,12.166935598002224,3.296148926817088,13.25958528470116,24.88612927597192,35.80265531357729,39.29949373537934,0,0,0,0,3197.002298850575,44.53497930237984,43.68293056940959,0.45404552912833057,0.4256431750576957
67,7122746.75,6656704.114390474,36841.8211292305,5842089.967623085,54511.38174848839,0.030143330265915272,1226145.4334957227,7068235.4011188075,3817564794.9176917,207880255.1403709,2.7891525406359348,653.4587478239243,305.7295887288753,0,1408525.2380691345,429200.8432561919,7085904.957646666,0.045007413978564004,2.0942152550133404,1.6615974249023087e-4,2.0579009766144875e-4,0.02,0.025,22038084958.742767,8136029910.794038,8535808784.4820385,4373414327.842392,77551439.80765882,1.8150397402897538e-9,1.8936879366660968e-9,4.22226526905908,7.924519286774872,11.40068145608054,12.514183809500407,3.125381694989273,13.138193827059096,24.658296848108233,35.47488212741391,38.93970700550046,0,0,0,0,3369.0045977011496,44.53497930237984,43.68293056940959,0.45404552912833057,0.4256431750576957
68,7122746.75,6706582.026039388,94303.6998731927,4373858.573756646,107991.5624960112,0.021966556979665257,2640896.539930064,7014755.113686711,2320682546.9117017,167512636.56381503,2.3339675741558645,530.580152004892,247.17955880159684,0,1765661.156830279,321861.020882701,7028443.046922089,0.045007413978564004,2.0942152550133404,1.6615974249023087e-4,2.0579009766144875e-4,0.02,0.025,22038084958.742767,8136029910.794038,8535808784.4820385,4373414327.842392,77551439.80765882,1.8150397402897538e-9,1.8936879366660968e-9,4.287721893546828,8.047370943443978,11.57742310479779,12.70818778087373,3.041067043049157,12.944210829484774,24.294221663905827,34.95110206569048,38.36476944642475,0,0,0,0,3557.633333333333,44.53497930237984,43.68293056940959,0.45404552912833057,0.4256431750576957
69,7122746.75,6309667.954707794,114409.79694418228,3763035.9488949943,149049.47577758553,0.020999869740419078,3210661.266963465,6973697.2158584595,1634472416.4473765,136328411.98823756,2.0976769994689346,434.34940262192686,202.1399694373171,0,2086464.3053472068,698668.9829865051,7008336.937694299,0.045007413978564004,2.0942152550133404,1.6615974249023087e-4,2.0579009766144875e-4,0.02,0.025,22038084958.742767,8136029910.794038,8535808784.4820385,4373414327.842392,77551439.80765882,1.8150397402897538e-9,1.8936879366660968e-9,4.35311800711271,8.170109030752368,11.75400136592548,12.902012406623209,2.92606595325047,12.387367790590472,23.24911598715909,33.44755131676169,36.714367186569355,0,0,0,0,3597.074712643678,44.53497930237984,43.68293056940959,0.45404552912833057,0.4256431750576957
70,7122746.75,6546922.956371184,190722.39112892523,5491148.229787294,164967.0183544058,0.01672537002229782,1466631.4985449116,6957779.728332206,2195461750.5273056,125203780.80267519,1.901843575170576,399.8183364670069,184.56386573426406,0,1440816.2440007417,385101.421673679,6932024.378044863,0.045007413978564004,2.0942152550133404,1.6615974249023087e-4,2.0579009766144875e-4,0.02,0.025,22038084958.742767,8136029910.794038,8535808784.4820385,4373414327.842392,77551439.80765882,1.8150397402897538e-9,1.8936879366660968e-9,4.450934744734675,8.35369546468275,12.018119652114912,13.191927074755785,2.5588315452229446,12.26212190663205,23.014049415124674,33.10937066355668,36.343156494355235,0,0,0,0,3622.977011494253,44.53497930237984,43.68293056940959,0.45404552912833057,0.4256431750576957
71,3698473.2622913513,3228237.515781504,133432.56940669398,1631934.2571087787,75128.00968028604,0.017931705913171028,1992156.5007526078,3624090.7578613865,513057560.6541002,51279827.79670361,1.6822589104555314,314.3861699202639,147.50166254991623,0,1614338.8984427173,337548.7132843279,3565786.2290658318,0.045007413978564004,2.0942152550133404,1.6615974249023087e-4,2.0579009766144875e-4,0.02,0.025,22038084958.742767,8136029910.794038,8535808784.4820385,4373414327.842392,77551439.80765882,1.8150397402897538e-9,1.8936879366660968e-9,4.528061175763256,8.498449489183512,12.226371340715511,13.420518665515193,2.282218881629605,11.906496544273361,22.346597262478245,32.14913457804467,35.28913433603911,0,0,0,0,3610.168,44.53497930237984,43.68293056940959,0.45404552912833057,0.4256431750576957
72,459599.14026561123,436688.1602549455,17688.878840876103,400851.83606180036,23198.876355638917,0.03627815128762329,35954.02398489008,436805.86004669045,222380234.8368184,10906485.430126132,2.4599282359239165,554.7691561590689,291.68568150623986,0,35352.8711256893,5626.6452904718935,442314.8055454174,0.045007413978564004,2.0942152550133404,1.6615974249023087e-4,2.0579009766144875e-4,0.02,0.025,22038084958.742767,8136029910.794038,8535808784.4820385,4373414327.842392,77551439.80765882,1.8150397402897538e-9,1.8936879366660968e-9,4.051981714131441,7.604924181007068,10.940893062119297,12.009487972004031,2.9578243292208173,14.268359588179148,26.779437941937303,38.52648097638198,42.28935492400085,0,0,0,0,3716.8615384615387,44.53497930237984,43.68293056940959,0.45404552912833057,0.4256431750576957
73,3231824.8887099503,2696868.699422078,406750.6922128994,1845134.3267129557,383601.59796891053,0.03172128087835409,1003991.5361933919,2849125.8629063475,892035228.0668567,61994007.63098471,2.9228695014936776,483.4527303255949,252.13225736415492,0,794006.95077744,129098.06088553455,2825966.760307613,0.045007413978564004,2.0942152550133404,1.6615974249023087e-4,2.0579009766144875e-4,0.02,0.025,22038084958.742767,8136029910.794038,8535808784.4820385,4373414327.842392,77551439.80765882,1.8150397402897538e-9,1.8936879366660968e-9,4.204726488754256,7.891601790138507,11.353324401361888,12.462201400404176,3.212152519689933,13.268218404203541,24.902332265988434,35.825965891939134,39.32508105342254,0,0,0,0,3669.5384615384614,44.53497930237984,43.68293056940959,0.45404552912833057,0.4256431750576957
74,4827044.912563446,3905595.735702687,427458.1981086053,2644795.622387976,426206.0947659714,0.028258073275001412,1756907.8836895067,4401703.506077482,1173999048.9221134,87938787.52480564,3.3158736119124077,443.8902722706846,225.51470779891574,0,1426038.8461652799,494860.22493805556,4400455.960640742,0.045007413978564004,2.0942152550133404,1.6615974249023087e-4,2.0579009766144875e-4,0.02,0.025,22038084958.742767,8136029910.794038,8535808784.4820385,4373414327.842392,77551439.80765882,1.8150397402897538e-9,1.8936879366660968e-9,4.452342154308849,8.356336948247664,12.021919846373422,13.196098433252732,3.1318515468985937,12.704244217955802,23.843842561678755,34.30316009051786,37.6535431038208,0,0,0,0,3613.8104265402844,44.53497930237984,43.68293056940959,0.45404552912833057,0.4256431750576957
75,2648076.22884705,2576099.1753191394,22101.484056871745,1967286.8359516177,18617.92885514733,0.022196406418395098,662782.7461972998,2630069.5821489175,820473055.57023,49368273.12002932,3.1303323701474577,417.05817401728814,202.1033972268928,0,625451.8190642786,50486.87124783695,2626586.0465669762,0.045007413978564004,2.0942152550133404,1.6615974249023087e-4,2.0579009766144875e-4,0.02,0.025,22038084958.742767,8136029910.794038,8535808784.4820385,4373414327.842392,77551439.80765882,1.8150397402897538e-9,1.8936879366660968e-9,4.541120378750531,8.522959532808894,12.261632937001098,13.459224255091934,2.744217489321722,12.778271847079719,23.98278062865564,34.50304459914295,37.872950293754336,0,0,0,0,3614.34375,44.53497930237984,43.68293056940959,0.45404552912833057,0.4256431750576957
76,4188417.57149243,3891555.123099601,53309.45784241866,2210285.9647180038,36804.39754313298,0.019348638696680694,1942158.6855006733,4152444.650218677,862605254.7801992,72937612.93858084,3.4030680836998073,390.26862068965517,185.34163801586442,0,469284.19855988084,244384.46009151527,4135939.5831911163,0.045007413978564004,2.0942152550133404,1.6615974249023087e-4,2.0579009766144875e-4,0.02,0.025,22038084958.742767,8136029910.794038,8535808784.4820385,4373414327.842392,77551439.80765882,1.8150397402897538e-9,1.8936879366660968e-9,4.681455929817284,8.786347006163092,12.640557711434349,13.875158538976528,2.682403631746247,12.046806594913317,22.609936875593668,32.52799049791186,35.70499304034549,0,0,0,0,3667.0284697508896,44.53497930237984,43.68293056940959,0.45404552912833057,0.4256431750576957
77,5188651.869097766,4763336.592452895,275682.8349166565,3688077.1028630035,232643.852869078,0.012672935107142857,1263981.6227259333,4952058.725588936,1275456366.7435753,77078891.55012023,3.005476088016817,345.83234872000264,161.13060464788225,0,900328.6930980216,143009.68439139042,4906346.276844285,0.045007413978564004,2.0942152550133404,1.6615974249023087e-4,2.0579009766144875e-4,0.02,0.025,22038084958.742767,8136029910.794038,8535808784.4820385,4373414327.842392,77551439.80765882,1.8150397402897538e-9,1.8936879366660968e-9,4.944578540328436,9.280186229639177,13.351023983724836,14.655015914708375,2.0963364239313074,11.181125552528842,20.9851914653888,30.190535795784026,33.13923958942283,0,0,0,0,3684.9391575663026,44.53497930237984,43.68293056940959,0.45404552912833057,0.4256431750576957
78,1025516.0341536466,797218.1268017872,76219.31666435854,470781.3552171561,52271.6202158423,0.013640124410894156,502778.80999226007,973560.1652094162,137849698.59404036,12830199.871024787,2.038078288692853,292.81044600938964,136.14792359990352,0,809280.8279739905,152394.34729751854,949612.4740993057,0.045007413978564004,2.0942152550133404,1.6615974249023087e-4,2.0579009766144875e-4,0.02,0.025,22038084958.742767,8136029910.794038,8535808784.4820385,4373414327.842392,77551439.80765882,1.8150397402897538e-9,1.8936879366660968e-9,4.778923148283543,8.969277448317973,12.903732249113661,14.164037282864475,2.1965756015108036,11.321405943492298,21.24847541201633,30.569311630554168,33.55501038673621,0,0,0,0,3670.4583333333335,44.53497930237984,43.68293056940959,0.45404552912833057,0.4256431750576957
79,2159593.1252544476,1336463.895204487,715242.94774224,716469.9033359126,583146.6038722268,0.01616456093242195,860690.5049079219,1577160.4082438345,235083626.9251962,23290797.378360815,2.8396392851049943,328.1137502505512,177.1272279873545,0,962849.7941621934,108627.14659768272,1445091.0418021698,0.045007413978564004,2.0942152550133404,1.6615974249023087e-4,2.0579009766144875e-4,0.02,0.025,22038084958.742767,8136029910.794038,8535808784.4820385,4373414327.842392,77551439.80765882,1.8150397402897538e-9,1.8936879366660968e-9,4.828195495392204,9.06175379456475,13.036774182337446,14.310073395981709,2.6824942521205988,9.969999829423434,18.71210142014947,26.920334211441855,29.54963804865258,0,0,0,0,3846.4689655172415,44.53497930237984,43.68293056940959,0.45404552912833057,0.4256431750576957
80,3602675.0961716576,1956731.9035694161,671569.5681411584,1028225.5994682412,424312.2572350538,0.01631241280903096,2149764.6691846712,3177990.268652912,282392027.1948039,39282637.74205468,3.070450994896623,274.64014447884415,144.17538118309656,0,2769315.846935181,974006.226697806,2930738.1302672224,0.045007413978564004,2.0942152550133404,1.6615974249023087e-4,2.0579009766144875e-4,0.02,0.025,22038084958.742767,8136029910.794038,8535808784.4820385,4373414327.842392,77551439.80765882,1.8150397402897538e-9,1.8936879366660968e-9,4.749182075250418,8.913458192103192,12.82342737052221,14.075889042308468,2.581132971010396,10.983508351816033,20.61429546083812,29.65694289908023,32.55353077767161,0,0,0,0,3734.755905511811,44.53497930237984,43.68293056940959,0.45404552912833057,0.4256431750576957
81,304669.4765255023,138624.3068210897,70210.1771793596,110900.35003621154,34484.689776202315,0.016999600618803068,159391.58816178655,270291.9381979981,34252986.54451773,3757358.8924247148,3.699585238141228,308.8627450980392,154.96060202842267,0,209303.25919325431,95942.14968644804,234566.45650753775,0.045007413978564004,2.0942152550133404,1.6615974249023087e-4,2.0579009766144875e-4,0.02,0.025,22038084958.742767,8136029910.794038,8535808784.4820385,4373414327.842392,77551439.80765882,1.8150397402897538e-9,1.8936879366660968e-9,4.761010041175956,8.935657399904537,12.855364461916869,14.110945423244395,2.6688034846884334,11.409256924836637,21.413357708997268,30.80652104069008,33.815387994094124,0,0,0,0,3669.9795918367345,44.53497930237984,43.68293056940959,0.45404552912833057,0.4256431750576957
